layout,sensor_count,snr_db,runs,pd_any,pd_all,pd_source_mean,pd_source_min,pd_source_variance,false_alarm_runs,p_fa,score
bearing_left,1,-30.0,1200,0.085,0.0,0.022291666666666668,0.013333333333333334,5.1171874999999995e-05,2800,0.054285714285714284,-0.0863053478422619
bearing_left,1,-27.5,1200,0.185,0.0,0.04666666666666666,0.02,0.0002913194444444444,2800,0.06285714285714286,-0.07919327876984128
bearing_left,1,-25.0,1200,0.22666666666666666,0.0,0.06125,0.030833333333333334,0.00032656250000000003,2800,0.06857142857142857,-0.07605613839285714
bearing_left,1,-22.5,1200,0.335,0.0,0.09937499999999999,0.015833333333333335,0.002440755208333333,2800,0.05857142857142857,-0.01898823474702382
bearing_left,1,-20.0,1200,0.6925,0.0,0.2375,0.0225,0.015935763888888888,2800,0.047142857142857146,0.13524640376984123
bearing_left,1,-17.5,1200,0.8966666666666666,0.0033333333333333335,0.41104166666666664,0.030833333333333334,0.053888324652777785,2800,0.05714285714285714,0.26981179005456346
bearing_left,1,-15.0,1200,0.995,0.025833333333333333,0.6270833333333333,0.03833333333333333,0.1186453125,2800,0.06428571428571428,0.4391892485119048
bearing_left+bearing_right,2,-30.0,1200,0.115,0.0,0.029375000000000002,0.011666666666666667,0.00019908854166666661,2800,0.04928571428571429,-0.06929597284226191
bearing_left+bearing_right,2,-27.5,1200,0.18166666666666667,0.0,0.04770833333333334,0.015833333333333335,0.0004244357638888888,2800,0.0625,-0.07750388454861111
bearing_left+bearing_right,2,-25.0,1200,0.3408333333333333,0.0,0.09729166666666668,0.0175,0.0026032552083333337,2800,0.05857142857142857,-0.021152818080357134
bearing_left+bearing_right,2,-22.5,1200,0.595,0.0008333333333333334,0.19479166666666667,0.023333333333333334,0.013347005208333334,2800,0.075,0.03811816406250001
bearing_left+bearing_right,2,-20.0,1200,0.8858333333333334,0.0075,0.3697916666666667,0.03333333333333333,0.05012547743055555,2800,0.048214285714285716,0.24830035652281748
bearing_left+bearing_right,2,-17.5,1200,0.9933333333333333,0.015833333333333335,0.5908333333333333,0.030833333333333334,0.11344618055555553,2800,0.05392857142857143,0.42625310019841267
bearing_left+bearing_right,2,-15.0,1200,1.0,0.059166666666666666,0.7262500000000001,0.0675,0.1462390625,2800,0.0475,0.55813046875
bearing_left+bearing_right+gearbox_left,3,-30.0,1200,0.13833333333333334,0.0,0.035833333333333335,0.0175,0.00039166666666666674,2800,0.04392857142857143,-0.05221964285714285
bearing_left+bearing_right+gearbox_left,3,-27.5,1200,0.235,0.0,0.06458333333333334,0.018333333333333333,0.0013342013888888891,2800,0.0475,-0.031083767361111105
bearing_left+bearing_right+gearbox_left,3,-25.0,1200,0.4,0.0,0.10916666666666666,0.0175,0.009347569444444443,2800,0.048928571428571425,0.0066357390873015894
bearing_left+bearing_right+gearbox_left,3,-22.5,1200,0.7591666666666667,0.0,0.26875,0.0375,0.04223420138888889,2800,0.048214285714285716,0.15120432787698412
bearing_left+bearing_right+gearbox_left,3,-20.0,1200,0.9575,0.018333333333333333,0.4585416666666667,0.07,0.08668624131944444,2800,0.04642857142857143,0.3223414031498016
bearing_left+bearing_right+gearbox_left,3,-17.5,1200,1.0,0.051666666666666666,0.6583333333333333,0.105,0.12291215277777776,2800,0.04321428571428571,0.5104486855158731
bearing_left+bearing_right+gearbox_left,3,-15.0,1200,1.0,0.2675,0.806875,0.2841666666666667,0.09156401909722223,2800,0.04642857142857143,0.668235847594246
bearing_left+bearing_right+gearbox_left+gearbox_right+input_shaft+output_shaft,6,-30.0,1200,0.2608333333333333,0.0,0.06916666666666667,0.0275,0.004070833333333333,2800,0.06,-0.05286874999999999
bearing_left+bearing_right+gearbox_left+gearbox_right+input_shaft+output_shaft,6,-27.5,1200,0.4816666666666667,0.0,0.14083333333333334,0.0275,0.023710763888888892,2800,0.05821428571428571,0.012549379960317469
bearing_left+bearing_right+gearbox_left+gearbox_right+input_shaft+output_shaft,6,-25.0,1200,0.8125,0.0,0.2677083333333333,0.03833333333333333,0.07574006076388888,2800,0.07607142857142857,0.07769544580853174
bearing_left+bearing_right+gearbox_left+gearbox_right+input_shaft+output_shaft,6,-22.5,1200,0.9866666666666667,0.0033333333333333335,0.40541666666666665,0.060833333333333336,0.11880156250000001,2800,0.055714285714285716,0.2345873139880952
bearing_left+bearing_right+gearbox_left+gearbox_right+input_shaft+output_shaft,6,-20.0,1200,1.0,0.056666666666666664,0.606875,0.12583333333333332,0.10702131076388888,2800,0.06857142857142857,0.4162214874751985
bearing_left+bearing_right+gearbox_left+gearbox_right+input_shaft+output_shaft,6,-17.5,1200,1.0,0.12333333333333334,0.7395833333333333,0.16,0.11756822916666665,2800,0.06928571428571428,0.5422277901785714
bearing_left+bearing_right+gearbox_left+gearbox_right+input_shaft+output_shaft,6,-15.0,1200,1.0,0.4716666666666667,0.8658333333333333,0.4791666666666667,0.04987881944444444,2800,0.07178571428571429,0.6973224950396826
bearing_left+bearing_right+gearbox_right,3,-30.0,1200,0.11166666666666666,0.0,0.028958333333333332,0.0075,0.00036749131944444443,2800,0.04535714285714286,-0.061939698040674604
bearing_left+bearing_right+gearbox_right,3,-27.5,1200,0.23916666666666667,0.0,0.06645833333333333,0.011666666666666667,0.0017529079861111113,2800,0.06357142857142857,-0.06156097780257937
bearing_left+bearing_right+gearbox_right,3,-25.0,1200,0.4091666666666667,0.0,0.119375,0.008333333333333333,0.012118880208333332,2800,0.05607142857142857,0.0011727027529761878
bearing_left+bearing_right+gearbox_right,3,-22.5,1200,0.7283333333333334,0.0,0.258125,0.030833333333333334,0.03781263020833334,2800,0.054642857142857146,0.12993297061011905
bearing_left+bearing_right+gearbox_right,3,-20.0,1200,0.9425,0.0075,0.4352083333333333,0.041666666666666664,0.08978971354166668,2800,0.055357142857142855,0.2795991908482143
bearing_left+bearing_right+gearbox_right,3,-17.5,1200,0.9991666666666666,0.021666666666666667,0.6325000000000001,0.0375,0.13721701388888888,2800,0.04535714285714286,0.4731772073412699
bearing_left+bearing_right+gearbox_right,3,-15.0,1200,1.0,0.06416666666666666,0.7479166666666667,0.07166666666666667,0.15337690972222223,2800,0.06857142857142857,0.5340853546626985
bearing_left+bearing_right+input_shaft,3,-30.0,1200,0.1175,0.0,0.030208333333333337,0.011666666666666667,0.00017617187499999995,2800,0.05285714285714286,-0.07559403831845238
bearing_left+bearing_right+input_shaft,3,-27.5,1200,0.21166666666666667,0.0,0.05604166666666667,0.015833333333333335,0.0007226996527777777,2800,0.06321428571428571,-0.07074825458829363
bearing_left+bearing_right+input_shaft,3,-25.0,1200,0.30833333333333335,0.0,0.08916666666666667,0.005833333333333334,0.0024347222222222222,2800,0.05607142857142857,-0.02419355158730158
bearing_left+bearing_right+input_shaft,3,-22.5,1200,0.5516666666666666,0.0,0.18416666666666667,0.03,0.008719097222222224,2800,0.06107142857142857,0.057664260912698426
bearing_left+bearing_right+input_shaft,3,-20.0,1200,0.8933333333333333,0.0008333333333333334,0.3825,0.025,0.048614583333333336,2800,0.06321428571428571,0.23176413690476194
bearing_left+bearing_right+input_shaft,3,-17.5,1200,0.9958333333333333,0.01,0.6141666666666667,0.021666666666666667,0.12209201388888888,2800,0.04857142857142857,0.4559778025793651
bearing_left+bearing_right+input_shaft,3,-15.0,1200,1.0,0.05416666666666667,0.73125,0.0575,0.15293211805555557,2800,0.0575,0.5397839409722222
bearing_left+bearing_right+output_shaft,3,-30.0,1200,0.15333333333333332,0.0,0.04083333333333333,0.005,0.0016246527777777776,2800,0.04107142857142857,-0.0421218501984127
bearing_left+bearing_right+output_shaft,3,-27.5,1200,0.26166666666666666,0.0,0.07145833333333333,0.0175,0.003372352430555556,2800,0.05607142857142857,-0.04237070002480159
bearing_left+bearing_right+output_shaft,3,-25.0,1200,0.6066666666666667,0.0,0.17770833333333336,0.01,0.03632131076388889,2800,0.03857142857142857,0.08240482080853177
bearing_left+bearing_right+output_shaft,3,-22.5,1200,0.8841666666666667,0.0,0.32708333333333334,0.0275,0.09104079861111111,2800,0.04857142857142857,0.18442007688492063
bearing_left+bearing_right+output_shaft,3,-20.0,1200,0.9958333333333333,0.0008333333333333334,0.47187500000000004,0.04,0.12602026909722222,2800,0.05071428571428571,0.3074362940228175
bearing_left+bearing_right+output_shaft,3,-17.5,1200,1.0,0.0225,0.6360416666666666,0.04083333333333333,0.14143728298611113,2800,0.048928571428571425,0.4674658823164682
bearing_left+bearing_right+output_shaft,3,-15.0,1200,1.0,0.08583333333333333,0.7575,0.0925,0.14805937500000002,2800,0.04321428571428571,0.5970417410714285
bearing_left+gearbox_left,2,-30.0,1200,0.1475,0.0,0.03770833333333333,0.008333333333333333,0.000391796875,2800,0.065,-0.09248756510416667
bearing_left+gearbox_left,2,-27.5,1200,0.24416666666666667,0.0,0.06541666666666666,0.024166666666666666,0.0027890625,2800,0.05714285714285714,-0.050263578869047615
bearing_left+gearbox_left,2,-25.0,1200,0.4,0.0,0.11104166666666666,0.03166666666666667,0.007693185763888889,2800,0.055714285714285716,-0.004233497643849213
bearing_left+gearbox_left,2,-22.5,1200,0.7175,0.0,0.23125,0.07416666666666667,0.03983385416666667,2800,0.05785714285714286,0.09561878720238096
bearing_left+gearbox_left,2,-20.0,1200,0.8941666666666667,0.005833333333333334,0.37479166666666663,0.08666666666666667,0.06809006076388888,2800,0.056428571428571425,0.2278894934275793
bearing_left+gearbox_left,2,-17.5,1200,0.9983333333333333,0.059166666666666666,0.609375,0.14666666666666667,0.08717547743055555,2800,0.05714285714285714,0.45150154699900796
bearing_left+gearbox_left,2,-15.0,1200,1.0,0.26666666666666666,0.7889583333333334,0.315,0.07580325520833334,2800,0.047142857142857146,0.6567709914434524
bearing_left+gearbox_left+gearbox_right,3,-30.0,1200,0.13166666666666665,0.0,0.03395833333333333,0.009166666666666667,0.0010640190972222223,2800,0.03357142857142857,-0.03371653335813492
bearing_left+gearbox_left+gearbox_right,3,-27.5,1200,0.255,0.0,0.06854166666666667,0.018333333333333333,0.005024088541666666,2800,0.05821428571428571,-0.05039894903273809
bearing_left+gearbox_left+gearbox_right,3,-25.0,1200,0.4791666666666667,0.0,0.1275,0.015,0.02676284722222222,2800,0.03785714285714286,0.03840429067460317
bearing_left+gearbox_left+gearbox_right,3,-22.5,1200,0.8366666666666667,0.0,0.259375,0.03666666666666667,0.08633381076388888,2800,0.045,0.1262080946180556
bearing_left+gearbox_left+gearbox_right,3,-20.0,1200,0.9766666666666667,0.005833333333333334,0.394375,0.08083333333333333,0.11354804687500002,2800,0.03571428571428571,0.26617240513392854
bearing_left+gearbox_left+gearbox_right,3,-17.5,1200,1.0,0.0425,0.5847916666666666,0.11333333333333333,0.10295221354166667,2800,0.04428571428571428,0.4447441313244047
bearing_left+gearbox_left+gearbox_right,3,-15.0,1200,1.0,0.245,0.7875000000000001,0.3025,0.07997534722222223,2800,0.04107142857142857,0.6653694692460318
bearing_left+gearbox_left+input_shaft,3,-30.0,1200,0.14916666666666667,0.0,0.03770833333333333,0.013333333333333334,0.00044422743055555556,2800,0.048214285714285716,-0.05894235181051588
bearing_left+gearbox_left+input_shaft,3,-27.5,1200,0.22583333333333333,0.0,0.061666666666666675,0.015833333333333335,0.0011829861111111112,2800,0.06107142857142857,-0.06106768353174602
bearing_left+gearbox_left+input_shaft,3,-25.0,1200,0.3641666666666667,0.0,0.099375,0.015,0.007536588541666668,2800,0.05821428571428571,-0.02082186569940475
bearing_left+gearbox_left+input_shaft,3,-22.5,1200,0.6858333333333333,0.0008333333333333334,0.22875,0.035833333333333335,0.03175989583333333,2800,0.06714285714285714,0.07858433779761906
bearing_left+gearbox_left+input_shaft,3,-20.0,1200,0.9508333333333333,0.01,0.41541666666666666,0.060833333333333336,0.06720781249999999,2800,0.041428571428571426,0.2989556175595238
bearing_left+gearbox_left+input_shaft,3,-17.5,1200,1.0,0.06333333333333334,0.6441666666666667,0.11916666666666667,0.09940972222222222,2800,0.06535714285714286,0.4637475198412699
bearing_left+gearbox_left+input_shaft,3,-15.0,1200,1.0,0.2675,0.8047916666666666,0.2916666666666667,0.08795568576388886,2800,0.05285714285714286,0.6550995380704364
bearing_left+gearbox_left+output_shaft,3,-30.0,1200,0.19666666666666666,0.0,0.049999999999999996,0.004166666666666667,0.0036121527777777775,2800,0.04107142857142857,-0.03394893353174604
bearing_left+gearbox_left+output_shaft,3,-27.5,1200,0.31666666666666665,0.0,0.08499999999999999,0.02,0.010423263888888888,2800,0.05857142857142857,-0.0373544890873016
bearing_left+gearbox_left+output_shaft,3,-25.0,1200,0.6791666666666667,0.0,0.18729166666666666,0.019166666666666665,0.06553867187500001,2800,0.029285714285714286,0.09595090215773808
bearing_left+gearbox_left+output_shaft,3,-22.5,1200,0.945,0.0,0.30874999999999997,0.03333333333333333,0.12560295138888888,2800,0.05357142857142857,0.13880566716269838
bearing_left+gearbox_left+output_shaft,3,-20.0,1200,0.9991666666666666,0.011666666666666667,0.41041666666666665,0.0725,0.12611614583333333,2800,0.03,0.28735859375
bearing_left+gearbox_left+output_shaft,3,-17.5,1200,1.0,0.04833333333333333,0.6102083333333332,0.1275,0.10451540798611111,2800,0.055,0.4479506293402777
bearing_left+gearbox_left+output_shaft,3,-15.0,1200,1.0,0.27666666666666667,0.8004166666666667,0.335,0.07384809027777776,2800,0.05178571428571429,0.6599211929563492
bearing_left+gearbox_right,2,-30.0,1200,0.1675,0.0,0.04416666666666667,0.01,0.0010229166666666665,2800,0.06571428571428571,-0.0877733630952381
bearing_left+gearbox_right,2,-27.5,1200,0.23083333333333333,0.0,0.0625,0.014166666666666666,0.002231944444444445,2800,0.06142857142857143,-0.06147311507936508
bearing_left+gearbox_right,2,-25.0,1200,0.4241666666666667,0.0,0.116875,0.0225,0.011915755208333335,2800,0.05892857142857143,-0.006940020461309516
bearing_left+gearbox_right,2,-22.5,1200,0.6916666666666667,0.0,0.21791666666666665,0.028333333333333332,0.04220850694444443,2800,0.05857142857142857,0.07966955605158729
bearing_left+gearbox_right,2,-20.0,1200,0.8625,0.0016666666666666668,0.33958333333333335,0.034166666666666665,0.07181336805555556,2800,0.05107142857142857,0.20153379216269843
bearing_left+gearbox_right,2,-17.5,1200,0.9775,0.015833333333333335,0.5141666666666667,0.0525,0.09570138888888889,2800,0.0575,0.3513159722222222
bearing_left+gearbox_right,2,-15.0,1200,0.9983333333333333,0.07166666666666667,0.6995833333333333,0.09333333333333334,0.12554878472222222,2800,0.040357142857142855,0.5560946552579364
bearing_left+gearbox_right+input_shaft,3,-30.0,1200,0.11666666666666667,0.0,0.031041666666666662,0.01,0.00014908854166666665,2800,0.046785714285714285,-0.06260430617559525
bearing_left+gearbox_right+input_shaft,3,-27.5,1200,0.21083333333333334,0.0,0.05583333333333333,0.009166666666666667,0.0014003472222222219,2800,0.06714285714285714,-0.07915255456349206
bearing_left+gearbox_right+input_shaft,3,-25.0,1200,0.3825,0.0,0.10729166666666666,0.01,0.009620616319444442,2800,0.05714285714285714,-0.011804355778769843
bearing_left+gearbox_right+input_shaft,3,-22.5,1200,0.6308333333333334,0.0,0.206875,0.03166666666666667,0.027932074652777777,2800,0.0575,0.07790896267361111
bearing_left+gearbox_right+input_shaft,3,-20.0,1200,0.8833333333333333,0.004166666666666667,0.380625,0.041666666666666664,0.06478867187500001,2800,0.045714285714285714,0.25680209263392856
bearing_left+gearbox_right+input_shaft,3,-17.5,1200,0.9825,0.01,0.5691666666666667,0.035833333333333335,0.1082736111111111,2800,0.04964285714285714,0.41574414682539684
bearing_left+gearbox_right+input_shaft,3,-15.0,1200,1.0,0.06833333333333333,0.730625,0.07833333333333334,0.14280047743055552,2800,0.06,0.5392247612847222
bearing_left+gearbox_right+output_shaft,3,-30.0,1200,0.1875,0.0,0.04770833333333333,0.008333333333333333,0.0031223524305555557,2800,0.04214285714285714,-0.03813855716765873
bearing_left+gearbox_right+output_shaft,3,-27.5,1200,0.3525,0.0,0.09520833333333334,0.019166666666666665,0.01326158854166667,2800,0.06964285714285715,-0.05070817522321429
bearing_left+gearbox_right+output_shaft,3,-25.0,1200,0.6925,0.0,0.19520833333333332,0.010833333333333334,0.06749839409722222,2800,0.037142857142857144,0.08717342199900792
bearing_left+gearbox_right+output_shaft,3,-22.5,1200,0.9258333333333333,0.0016666666666666668,0.3025,0.0375,0.12517951388888887,2800,0.05678571428571429,0.12633881448412698
bearing_left+gearbox_right+output_shaft,3,-20.0,1200,0.995,0.006666666666666667,0.3839583333333333,0.0475,0.13134908854166666,2800,0.04357142857142857,0.23114093191964283
bearing_left+gearbox_right+output_shaft,3,-17.5,1200,1.0,0.015833333333333335,0.555625,0.059166666666666666,0.11302547743055555,2800,0.04928571428571429,0.40054083271329366
bearing_left+gearbox_right+output_shaft,3,-15.0,1200,1.0,0.11416666666666667,0.7320833333333333,0.13333333333333333,0.12180711805555555,2800,0.0525,0.5661797743055555
bearing_left+input_shaft,2,-30.0,1200,0.08916666666666667,0.0,0.023125,0.004166666666666667,0.00017547743055555554,2800,0.0625,-0.10196273871527776
bearing_left+input_shaft,2,-27.5,1200,0.16,0.0,0.04291666666666667,0.01,0.00040329861111111116,2800,0.06142857142857143,-0.08014212549603174
bearing_left+input_shaft,2,-25.0,1200,0.2675,0.0,0.07166666666666668,0.0175,0.0017663194444444447,2800,0.05392857142857143,-0.0370736359126984
bearing_left+input_shaft,2,-22.5,1200,0.4608333333333333,0.0,0.13604166666666667,0.019166666666666665,0.005972352430555556,2800,0.065,0.0030554904513888895
bearing_left+input_shaft,2,-20.0,1200,0.7125,0.0025,0.2622916666666667,0.016666666666666666,0.02607339409722222,2800,0.052142857142857144,0.1449692553323413
bearing_left+input_shaft,2,-17.5,1200,0.9683333333333334,0.009166666666666667,0.476875,0.013333333333333334,0.08103624131944445,2800,0.06535714285714286,0.30564259362599205
bearing_left+input_shaft,2,-15.0,1200,1.0,0.0375,0.6602083333333333,0.0525,0.1273813802083333,2800,0.054285714285714284,0.4879462146577381
bearing_left+input_shaft+output_shaft,3,-30.0,1200,0.17166666666666666,0.0,0.045208333333333336,0.008333333333333333,0.001214019097222222,2800,0.06035714285714286,-0.07611296192956349
bearing_left+input_shaft+output_shaft,3,-27.5,1200,0.275,0.0,0.07625,0.02,0.003671354166666667,2800,0.07714285714285714,-0.07987139136904761
bearing_left+input_shaft+output_shaft,3,-25.0,1200,0.585,0.0,0.1725,0.006666666666666667,0.035621875,2800,0.05035714285714286,0.053974776785714274
bearing_left+input_shaft+output_shaft,3,-22.5,1200,0.8458333333333333,0.0,0.29125,0.024166666666666666,0.08473697916666666,2800,0.06107142857142857,0.12673865327380954
bearing_left+input_shaft+output_shaft,3,-20.0,1200,0.9958333333333333,0.008333333333333333,0.43999999999999995,0.034166666666666665,0.11935625,2800,0.05142857142857143,0.27746473214285705
bearing_left+input_shaft+output_shaft,3,-17.5,1200,1.0,0.024166666666666666,0.6183333333333334,0.05,0.12207916666666666,2800,0.07392857142857143,0.40943660714285723
bearing_left+input_shaft+output_shaft,3,-15.0,1200,1.0,0.10083333333333333,0.758125,0.11166666666666666,0.13956610243055556,2800,0.05785714285714286,0.5726276630704366
bearing_left+output_shaft,2,-30.0,1200,0.17333333333333334,0.0,0.04645833333333334,0.015833333333333335,0.0010449218749999998,2800,0.06964285714285715,-0.09334984188988095
bearing_left+output_shaft,2,-27.5,1200,0.3541666666666667,0.0,0.09854166666666667,0.02666666666666667,0.009003602430555556,2800,0.06428571428571428,-0.034531563120039674
bearing_left+output_shaft,2,-25.0,1200,0.5591666666666667,0.0,0.161875,0.018333333333333333,0.03636471354166666,2800,0.05892857142857143,0.025835500372023805
bearing_left+output_shaft,2,-22.5,1200,0.8716666666666667,0.0033333333333333335,0.28750000000000003,0.0225,0.10345972222222224,2800,0.06535714285714286,0.10505585317460318
bearing_left+output_shaft,2,-20.0,1200,0.9991666666666666,0.0008333333333333334,0.41291666666666665,0.0425,0.12457725694444442,2800,0.05892857142857143,0.2327708953373016
bearing_left+output_shaft,2,-17.5,1200,1.0,0.0225,0.5579166666666666,0.0525,0.11379184027777778,2800,0.06607142857142857,0.3688778893849206
bearing_left+output_shaft,2,-15.0,1200,1.0,0.11416666666666667,0.7397916666666666,0.13166666666666665,0.12500013020833334,2800,0.048214285714285716,0.5808630301339286
bearing_right,1,-30.0,1200,0.11666666666666667,0.0,0.03145833333333333,0.0125,0.0001976996527777778,2800,0.04428571428571428,-0.05721194506448412
bearing_right,1,-27.5,1200,0.17416666666666666,0.0,0.043541666666666666,0.014166666666666666,0.0009817274305555553,2800,0.06,-0.0769491970486111
bearing_right,1,-25.0,1200,0.26416666666666666,0.0,0.07645833333333332,0.013333333333333334,0.0027723524305555552,2800,0.06142857142857143,-0.047784985739087314
bearing_right,1,-22.5,1200,0.425,0.0,0.12208333333333334,0.018333333333333333,0.009778645833333334,2800,0.05857142857142857,5.115327380952276e-05
bearing_right,1,-20.0,1200,0.72,0.0,0.24062499999999998,0.013333333333333334,0.050915407986111105,2800,0.047142857142857146,0.12088158172123012
bearing_right,1,-17.5,1200,0.9466666666666667,0.0075,0.4139583333333333,0.043333333333333335,0.09480464409722222,2800,0.055714285714285716,0.2551274398561508
bearing_right,1,-15.0,1200,0.9983333333333333,0.025,0.5416666666666666,0.05333333333333334,0.12888993055555553,2800,0.07857142857142857,0.3200788442460317
bearing_right+gearbox_left,2,-30.0,1200,0.12833333333333333,0.0,0.03270833333333333,0.006666666666666667,0.0006129774305555556,2800,0.04642857142857143,-0.0604552982390873
bearing_right+gearbox_left,2,-27.5,1200,0.26416666666666666,0.0,0.073125,0.016666666666666666,0.0040042968750000005,2800,0.05821428571428571,-0.04530571986607143
bearing_right+gearbox_left,2,-25.0,1200,0.42333333333333334,0.0,0.12020833333333333,0.04,0.010750130208333333,2800,0.04357142857142857,0.02769041108630952
bearing_right+gearbox_left,2,-22.5,1200,0.6991666666666667,0.0,0.23354166666666665,0.04833333333333333,0.04187513020833333,2800,0.04964285714285714,0.1133183872767857
bearing_right+gearbox_left,2,-20.0,1200,0.9291666666666667,0.004166666666666667,0.38875,0.09,0.09370295138888889,2800,0.05821428571428571,0.2254699528769841
bearing_right+gearbox_left,2,-17.5,1200,0.995,0.04083333333333333,0.564375,0.2125,0.122576171875,2800,0.05964285714285714,0.3838011997767857
bearing_right+gearbox_left,2,-15.0,1200,1.0,0.1675,0.7172916666666667,0.3375,0.08366818576388887,2800,0.04178571428571429,0.5918861452132936
bearing_right+gearbox_left+gearbox_right,3,-30.0,1200,0.17916666666666667,0.0,0.04666666666666666,0.021666666666666667,0.0016739583333333329,2800,0.048928571428571425,-0.05202745535714286
bearing_right+gearbox_left+gearbox_right,3,-27.5,1200,0.29,0.0,0.08208333333333334,0.015,0.005979340277777778,2800,0.05678571428571429,-0.03447776537698412
bearing_right+gearbox_left+gearbox_right,3,-25.0,1200,0.5133333333333333,0.0,0.14166666666666666,0.013333333333333334,0.031725,2800,0.05678571428571429,0.012232738095238088
bearing_right+gearbox_left+gearbox_right,3,-22.5,1200,0.8466666666666667,0.0,0.2839583333333333,0.03833333333333333,0.09478693576388889,2800,0.05142857142857143,0.13370772259424601
bearing_right+gearbox_left+gearbox_right,3,-20.0,1200,0.99,0.0075,0.43145833333333333,0.09666666666666666,0.12833624131944443,2800,0.04178571428571429,0.28371878410218254
bearing_right+gearbox_left+gearbox_right,3,-17.5,1200,1.0,0.0325,0.5747916666666666,0.13916666666666666,0.14628450520833333,2800,0.047857142857142855,0.4059351283482142
bearing_right+gearbox_left+gearbox_right,3,-15.0,1200,1.0,0.19083333333333333,0.7168749999999999,0.35083333333333333,0.08279735243055555,2800,0.05821428571428571,0.5590477523561507
bearing_right+gearbox_left+input_shaft,3,-30.0,1200,0.13916666666666666,0.0,0.036875000000000005,0.015833333333333335,0.0004122829861111111,2800,0.05178571428571429,-0.06690257006448413
bearing_right+gearbox_left+input_shaft,3,-27.5,1200,0.23583333333333334,0.0,0.06479166666666666,0.009166666666666667,0.001688671875,2800,0.05142857142857143,-0.038909812127976194
bearing_right+gearbox_left+input_shaft,3,-25.0,1200,0.36,0.0,0.10041666666666667,0.02,0.007628645833333333,2800,0.05821428571428571,-0.019826227678571423
bearing_right+gearbox_left+input_shaft,3,-22.5,1200,0.6925,0.0,0.23312499999999997,0.030833333333333334,0.040595616319444444,2800,0.05892857142857143,0.0949700489831349
bearing_right+gearbox_left+input_shaft,3,-20.0,1200,0.9525,0.005833333333333334,0.42333333333333334,0.065,0.07829965277777778,2800,0.04214285714285714,0.2998977926587302
bearing_right+gearbox_left+input_shaft,3,-17.5,1200,0.9983333333333333,0.030833333333333334,0.6041666666666667,0.10833333333333334,0.11738645833333333,2800,0.05857142857142857,0.4283305803571429
bearing_right+gearbox_left+input_shaft,3,-15.0,1200,1.0,0.24166666666666667,0.77375,0.3075,0.07963940972222223,2800,0.04392857142857143,0.6460731522817461
bearing_right+gearbox_left+output_shaft,3,-30.0,1200,0.21416666666666667,0.0,0.056666666666666664,0.01,0.0036725694444444436,2800,0.05964285714285714,-0.06445533234126985
bearing_right+gearbox_left+output_shaft,3,-27.5,1200,0.33916666666666667,0.0,0.09416666666666668,0.016666666666666666,0.012003125,2800,0.05071428571428571,-0.013263467261904747
bearing_right+gearbox_left+output_shaft,3,-25.0,1200,0.7233333333333334,0.0,0.21625,0.025,0.06642378472222223,2800,0.04964285714285714,0.08375239335317461
bearing_right+gearbox_left+output_shaft,3,-22.5,1200,0.9533333333333334,0.0,0.32708333333333334,0.030833333333333334,0.1326217013888889,2800,0.062142857142857146,0.1364867683531746
bearing_right+gearbox_left+output_shaft,3,-20.0,1200,0.9991666666666666,0.005833333333333334,0.440625,0.08833333333333333,0.13988033854166665,2800,0.0425,0.2856848307291666
bearing_right+gearbox_left+output_shaft,3,-17.5,1200,1.0,0.04,0.5766666666666667,0.14416666666666667,0.15008784722222224,2800,0.04857142857142857,0.4044798859126984
bearing_right+gearbox_left+output_shaft,3,-15.0,1200,1.0,0.19666666666666666,0.719375,0.355,0.08146714409722222,2800,0.05142857142857143,0.5757842850942461
bearing_right+gearbox_right,2,-30.0,1200,0.13083333333333333,0.0,0.03375,0.008333333333333333,0.0006883680555555555,2800,0.052142857142857144,-0.07087989831349206
bearing_right+gearbox_right,2,-27.5,1200,0.195,0.0,0.0525,0.010833333333333334,0.002431597222222222,2800,0.048928571428571425,-0.04657294146825396
bearing_right+gearbox_right,2,-25.0,1200,0.41,0.0,0.11791666666666667,0.02666666666666667,0.013392187499999996,2800,0.03571428571428571,0.039792001488095245
bearing_right+gearbox_right,2,-22.5,1200,0.6225,0.0,0.19041666666666668,0.016666666666666666,0.04008906250000001,2800,0.04178571428571429,0.08680070684523811
bearing_right+gearbox_right,2,-20.0,1200,0.8791666666666667,0.0008333333333333334,0.3360416666666667,0.028333333333333332,0.09429283854166667,2800,0.046785714285714285,0.19532381882440475
bearing_right+gearbox_right,2,-17.5,1200,0.9866666666666667,0.008333333333333333,0.4847916666666666,0.07,0.14470638020833332,2800,0.04928571428571429,0.31386704799107135
bearing_right+gearbox_right,2,-15.0,1200,1.0,0.021666666666666667,0.6125,0.07916666666666666,0.1571795138888889,2800,0.04071428571428572,0.45248167162698416
bearing_right+gearbox_right+input_shaft,3,-30.0,1200,0.15916666666666668,0.0,0.043125,0.023333333333333334,0.0003945746527777778,2800,0.06642857142857143,-0.08992943018353176
bearing_right+gearbox_right+input_shaft,3,-27.5,1200,0.23583333333333334,0.0,0.06375,0.011666666666666667,0.0016237847222222222,2800,0.06892857142857142,-0.07491903521825395
bearing_right+gearbox_right+input_shaft,3,-25.0,1200,0.3883333333333333,0.0,0.11270833333333334,0.013333333333333334,0.00991506076388889,2800,0.060714285714285714,-0.013677768477182531
bearing_right+gearbox_right+input_shaft,3,-22.5,1200,0.675,0.0,0.22895833333333332,0.04416666666666667,0.03617443576388889,2800,0.07607142857142857,0.05872825830853174
bearing_right+gearbox_right+input_shaft,3,-20.0,1200,0.9166666666666666,0.006666666666666667,0.41208333333333336,0.04833333333333333,0.07783072916666667,2800,0.055714285714285716,0.2617393973214286
bearing_right+gearbox_right+input_shaft,3,-17.5,1200,0.9908333333333333,0.021666666666666667,0.580625,0.049166666666666664,0.12762513020833333,2800,0.0575,0.4018124348958333
bearing_right+gearbox_right+input_shaft,3,-15.0,1200,1.0,0.0825,0.7102083333333333,0.09166666666666666,0.13651263020833335,2800,0.05857142857142857,0.5248091610863096
bearing_right+gearbox_right+output_shaft,3,-30.0,1200,0.23416666666666666,0.0,0.0625,0.010833333333333334,0.0049809027777777785,2800,0.05857142857142857,-0.05713330853174604
bearing_right+gearbox_right+output_shaft,3,-27.5,1200,0.38,0.0,0.104375,0.014166666666666666,0.016292144097222218,2800,0.060714285714285714,-0.02519964347718254
bearing_right+gearbox_right+output_shaft,3,-25.0,1200,0.73,0.0,0.2175,0.015833333333333335,0.07373854166666666,2800,0.04214285714285714,0.0963450148809524
bearing_right+gearbox_right+output_shaft,3,-22.5,1200,0.9475,0.0,0.31666666666666665,0.03916666666666667,0.13365868055555558,2800,0.07035714285714285,0.10912304067460316
bearing_right+gearbox_right+output_shaft,3,-20.0,1200,0.9991666666666666,0.0033333333333333335,0.41645833333333326,0.05583333333333333,0.14567756076388888,2800,0.05964285714285714,0.22433383866567455
bearing_right+gearbox_right+output_shaft,3,-17.5,1200,1.0,0.023333333333333334,0.53375,0.0825,0.16436406250000002,2800,0.06357142857142857,0.3244251116071428
bearing_right+gearbox_right+output_shaft,3,-15.0,1200,1.0,0.0575,0.6397916666666666,0.155,0.13701540798611112,2800,0.05678571428571429,0.45771253410218254
bearing_right+input_shaft,2,-30.0,1200,0.085,0.0,0.023333333333333334,0.011666666666666667,0.00011562499999999998,2800,0.04214285714285714,-0.06101019345238095
bearing_right+input_shaft,2,-27.5,1200,0.105,0.0,0.027291666666666665,0.014166666666666666,6.193576388888891e-05,2800,0.04392857142857143,-0.06059644407242064
bearing_right+input_shaft,2,-25.0,1200,0.21333333333333335,0.0,0.057708333333333334,0.023333333333333334,0.0006845052083333334,2800,0.03464285714285714,-0.011919633556547616
bearing_right+input_shaft,2,-22.5,1200,0.36333333333333334,0.0,0.10145833333333333,0.004166666666666667,0.00630603298611111,2800,0.06107142857142857,-0.02383754030257936
bearing_right+input_shaft,2,-20.0,1200,0.7316666666666667,0.0,0.2520833333333334,0.01,0.028707118055555557,2800,0.03678571428571428,0.16415834573412705
bearing_right+input_shaft,2,-17.5,1200,0.9525,0.005833333333333334,0.4627083333333334,0.03166666666666667,0.07728867187499999,2800,0.045714285714285714,0.332635425967262
bearing_right+input_shaft,2,-15.0,1200,0.9975,0.0175,0.6320833333333333,0.03666666666666667,0.12753697916666668,2800,0.03642857142857143,0.4954577008928571
bearing_right+input_shaft+output_shaft,3,-30.0,1200,0.20333333333333334,0.0,0.05333333333333333,0.01,0.002127777777777778,2800,0.062142857142857146,-0.07201626984126985
bearing_right+input_shaft+output_shaft,3,-27.5,1200,0.2825,0.0,0.073125,0.013333333333333334,0.0035640190972222215,2800,0.06321428571428571,-0.05508558097718253
bearing_right+input_shaft+output_shaft,3,-25.0,1200,0.6083333333333333,0.0,0.18312499999999998,0.018333333333333333,0.03464665798611111,2800,0.04107142857142857,0.08365881386408729
bearing_right+input_shaft+output_shaft,3,-22.5,1200,0.8716666666666667,0.0,0.29229166666666667,0.0225,0.09655638020833332,2800,0.06714285714285714,0.10972776227678573
bearing_right+input_shaft+output_shaft,3,-20.0,1200,0.9983333333333333,0.004166666666666667,0.453125,0.03833333333333333,0.12793589409722222,2800,0.06321428571428571,0.26272848152281747
bearing_right+input_shaft+output_shaft,3,-17.5,1200,1.0,0.021666666666666667,0.5935416666666666,0.0575,0.13888936631944443,2800,0.055,0.41409698350694446
bearing_right+input_shaft+output_shaft,3,-15.0,1200,1.0,0.08333333333333333,0.7183333333333333,0.12416666666666666,0.12795659722222222,2800,0.05392857142857143,0.5464978918650792
bearing_right+output_shaft,2,-30.0,1200,0.18833333333333332,0.0,0.049375,0.014166666666666666,0.0018872829861111113,2800,0.055357142857142855,-0.062282927207341264
bearing_right+output_shaft,2,-27.5,1200,0.355,0.0,0.09895833333333331,0.028333333333333332,0.009769921874999999,2800,0.06535714285714286,-0.036640913318452414
bearing_right+output_shaft,2,-25.0,1200,0.5975,0.0,0.17729166666666668,0.025,0.047286588541666674,2800,0.0525,0.04864837239583335
bearing_right+output_shaft,2,-22.5,1200,0.8775,0.0,0.28791666666666665,0.015833333333333335,0.10708489583333336,2800,0.06642857142857143,0.1015170758928571
bearing_right+output_shaft,2,-20.0,1200,0.9983333333333333,0.0016666666666666668,0.4197916666666667,0.043333333333333335,0.14700151909722223,2800,0.04964285714285714,0.24700519283234124
bearing_right+output_shaft,2,-17.5,1200,1.0,0.016666666666666666,0.531875,0.08333333333333333,0.15646401909722224,2800,0.07,0.3136429904513889
bearing_right+output_shaft,2,-15.0,1200,1.0,0.05583333333333333,0.6410416666666667,0.12833333333333333,0.1395039496527778,2800,0.05607142857142857,0.45914683469742074
gearbox_left,1,-30.0,1200,0.12,0.0,0.0325,0.016666666666666666,0.0002979166666666667,2800,0.05285714285714286,-0.07336324404761906
gearbox_left,1,-27.5,1200,0.23916666666666667,0.0,0.06916666666666667,0.023333333333333334,0.0030982638888888882,2800,0.06,-0.05238246527777777
gearbox_left,1,-25.0,1200,0.385,0.0,0.10645833333333334,0.025833333333333333,0.012707421875000003,2800,0.08714285714285715,-0.07418109188988097
gearbox_left,1,-22.5,1200,0.5925,0.0,0.16999999999999998,0.03,0.03527951388888889,2800,0.05142857142857143,0.04950310019841268
gearbox_left,1,-20.0,1200,0.8691666666666666,0.0,0.29041666666666666,0.07416666666666667,0.08648420138888889,2800,0.05142857142857143,0.14431742311507934
gearbox_left,1,-17.5,1200,0.98,0.015,0.41666666666666663,0.12916666666666668,0.10696562500000001,2800,0.055714285714285716,0.2517552827380952
gearbox_left,1,-15.0,1200,1.0,0.06333333333333334,0.5770833333333333,0.22166666666666668,0.08402517361111111,2800,0.07857142857142857,0.3779278893849206
gearbox_left+gearbox_right,2,-30.0,1200,0.18083333333333335,0.0,0.049166666666666664,0.005,0.0020788194444444443,2800,0.05071428571428571,-0.053301314484126984
gearbox_left+gearbox_right,2,-27.5,1200,0.30083333333333334,0.0,0.08125,0.0125,0.009939062500000003,2800,0.062142857142857146,-0.04800524553571429
gearbox_left+gearbox_right,2,-25.0,1200,0.52,0.0,0.14645833333333333,0.0275,0.03355360243055556,2800,0.04964285714285714,0.030395817832341267
gearbox_left+gearbox_right,2,-22.5,1200,0.8208333333333333,0.0,0.24854166666666666,0.04083333333333333,0.09653415798611112,2800,0.04357142857142857,0.11313173053075397
gearbox_left+gearbox_right,2,-20.0,1200,0.9558333333333333,0.0008333333333333334,0.31937499999999996,0.0575,0.13211922743055554,2800,0.060714285714285714,0.13188681485615075
gearbox_left+gearbox_right,2,-17.5,1200,0.9958333333333333,0.014166666666666666,0.43875,0.11083333333333334,0.11506961805555556,2800,0.05892857142857143,0.2633580481150793
gearbox_left+gearbox_right,2,-15.0,1200,1.0,0.11333333333333333,0.61,0.3175,0.075696875,2800,0.03857142857142857,0.4950087053571428
gearbox_left+gearbox_right+input_shaft,3,-30.0,1200,0.15833333333333333,0.0,0.04041666666666667,0.0175,0.001130034722222222,2800,0.04285714285714286,-0.04586263640873016
gearbox_left+gearbox_right+input_shaft,3,-27.5,1200,0.23833333333333334,0.0,0.06645833333333334,0.01,0.0044897135416666675,2800,0.0475,-0.030786523437499994
gearbox_left+gearbox_right+input_shaft,3,-25.0,1200,0.4275,0.0,0.11833333333333333,0.009166666666666667,0.02300798611111111,2800,0.06035714285714286,-0.013884945436507942
gearbox_left+gearbox_right+input_shaft,3,-22.5,1200,0.7808333333333334,0.0,0.23791666666666667,0.049166666666666664,0.08338524305555556,2800,0.05821428571428571,0.07979547371031746
gearbox_left+gearbox_right+input_shaft,3,-20.0,1200,0.9566666666666667,0.0025,0.3622916666666667,0.08333333333333333,0.11468381076388891,2800,0.027857142857142858,0.24923547557043652
gearbox_left+gearbox_right+input_shaft,3,-17.5,1200,0.9983333333333333,0.029166666666666667,0.503125,0.12916666666666668,0.1000150607638889,2800,0.048928571428571425,0.35526032676091274
gearbox_left+gearbox_right+input_shaft,3,-15.0,1200,1.0,0.2025,0.7070833333333334,0.3358333333333333,0.060836979166666666,2800,0.044642857142857144,0.5873791294642857
gearbox_left+gearbox_right+output_shaft,3,-30.0,1200,0.225,0.0,0.058333333333333334,0.01,0.006306597222222223,2800,0.035,-0.014819965277777784
gearbox_left+gearbox_right+output_shaft,3,-27.5,1200,0.3958333333333333,0.0,0.10416666666666667,0.013333333333333334,0.022409027777777778,2800,0.05357142857142857,-0.014180704365079354
gearbox_left+gearbox_right+output_shaft,3,-25.0,1200,0.755,0.0,0.20249999999999999,0.011666666666666667,0.09431215277777777,2800,0.03642857142857143,0.08248678075396823
gearbox_left+gearbox_right+output_shaft,3,-22.5,1200,0.9683333333333334,0.0,0.285625,0.03166666666666667,0.15372408854166666,2800,0.054642857142857146,0.0994772414434524
gearbox_left+gearbox_right+output_shaft,3,-20.0,1200,1.0,0.004166666666666667,0.34770833333333334,0.06916666666666667,0.14616749131944445,2800,0.029642857142857144,0.21533887338789684
gearbox_left+gearbox_right+output_shaft,3,-17.5,1200,1.0,0.013333333333333334,0.46020833333333333,0.12916666666666668,0.12880047743055556,2800,0.03785714285714286,0.3200938089037698
gearbox_left+gearbox_right+output_shaft,3,-15.0,1200,1.0,0.10166666666666667,0.641875,0.3075,0.09175360243055555,2800,0.04071428571428572,0.5145696273561507
gearbox_left+input_shaft,2,-30.0,1200,0.1325,0.0,0.035416666666666666,0.005833333333333334,0.00048281250000000006,2800,0.046785714285714285,-0.0583961681547619
gearbox_left+input_shaft,2,-27.5,1200,0.20916666666666667,0.0,0.05645833333333333,0.025,0.0021570746527777773,2800,0.06142857142857143,-0.06747734685019842
gearbox_left+input_shaft,2,-25.0,1200,0.33166666666666667,0.0,0.08979166666666666,0.030833333333333334,0.004828949652777778,2800,0.04857142857142857,-0.009765665302579373
gearbox_left+input_shaft,2,-22.5,1200,0.5925,0.0008333333333333334,0.184375,0.058333333333333334,0.02577131076388889,2800,0.056428571428571425,0.05863220176091272
gearbox_left+input_shaft,2,-20.0,1200,0.8358333333333333,0.006666666666666667,0.30104166666666665,0.08083333333333333,0.06399665798611111,2800,0.05357142857142857,0.16190048053075395
gearbox_left+input_shaft,2,-17.5,1200,0.9875,0.024166666666666666,0.49624999999999997,0.175,0.07508628472222223,2800,0.053214285714285714,0.3522782862103174
gearbox_left+input_shaft,2,-15.0,1200,1.0,0.1725,0.6872916666666666,0.3225,0.05841888020833333,2800,0.05607142857142857,0.5459393694196428
gearbox_left+input_shaft+output_shaft,3,-30.0,1200,0.21083333333333334,0.0,0.05541666666666667,0.006666666666666667,0.004081076388888889,2800,0.045714285714285714,-0.0380524429563492
gearbox_left+input_shaft+output_shaft,3,-27.5,1200,0.3175,0.0,0.08520833333333333,0.019166666666666665,0.008221310763888889,2800,0.045,-0.00890232204861111
gearbox_left+input_shaft+output_shaft,3,-25.0,1200,0.6675,0.0,0.18562499999999998,0.015833333333333335,0.06312964409722222,2800,0.053214285714285714,0.04763160652281745
gearbox_left+input_shaft+output_shaft,3,-22.5,1200,0.9241666666666667,0.0,0.2810416666666667,0.02666666666666667,0.12925881076388893,2800,0.05928571428571429,0.09784083271329365
gearbox_left+input_shaft+output_shaft,3,-20.0,1200,0.9983333333333333,0.0016666666666666668,0.3833333333333333,0.07583333333333334,0.1309576388888889,2800,0.03857142857142857,0.24071165674603173
gearbox_left+input_shaft+output_shaft,3,-17.5,1200,1.0,0.03166666666666667,0.5241666666666667,0.13333333333333333,0.10112048611111112,2800,0.047857142857142855,0.3778921378968254
gearbox_left+input_shaft+output_shaft,3,-15.0,1200,1.0,0.2125,0.7429166666666667,0.3525,0.06450850694444445,2800,0.05107142857142857,0.6085195560515874
gearbox_left+output_shaft,2,-30.0,1200,0.19083333333333333,0.0,0.051875,0.01,0.001644227430555555,2800,0.06035714285714286,-0.0696613994295635
gearbox_left+output_shaft,2,-27.5,1200,0.44916666666666666,0.0,0.12125,0.016666666666666666,0.024028645833333338,2800,0.0675,-0.02576432291666668
gearbox_left+output_shaft,2,-25.0,1200,0.6758333333333333,0.0,0.18854166666666666,0.025,0.07132999131944445,2800,0.05,0.05287667100694443
gearbox_left+output_shaft,2,-22.5,1200,0.92,0.0016666666666666668,0.27625,0.03916666666666667,0.1335421875,2800,0.055,0.09947890625000001
gearbox_left+output_shaft,2,-20.0,1200,0.9958333333333333,0.004166666666666667,0.35375,0.06333333333333334,0.14209114583333335,2800,0.05392857142857143,0.17484728422619045
gearbox_left+output_shaft,2,-17.5,1200,1.0,0.0175,0.47062499999999996,0.1375,0.11609214409722221,2800,0.07035714285714285,0.27186464223710316
gearbox_left+output_shaft,2,-15.0,1200,1.0,0.14,0.6525,0.3358333333333333,0.0794857638888889,2800,0.03571428571428571,0.5413285466269842
gearbox_right,1,-30.0,1200,0.11166666666666666,0.0,0.03,0.010833333333333334,0.0005197916666666667,2800,0.045714285714285714,-0.061688467261904766
gearbox_right,1,-27.5,1200,0.19833333333333333,0.0,0.052083333333333336,0.009166666666666667,0.0036703125,2800,0.054285714285714284,-0.05832325148809523
gearbox_right,1,-25.0,1200,0.4125,0.0,0.11041666666666666,0.010833333333333334,0.023489756944444447,2800,0.03142857142857143,0.03581464533730158
gearbox_right,1,-22.5,1200,0.58,0.0,0.15937500000000002,0.021666666666666667,0.04734631076388889,2800,0.032857142857142856,0.06998755890376986
gearbox_right,1,-20.0,1200,0.7241666666666666,0.0,0.20645833333333335,0.0225,0.08260464409722224,2800,0.03857142857142857,0.08801315414186511
gearbox_right,1,-17.5,1200,0.8366666666666667,0.0008333333333333334,0.26,0.041666666666666664,0.10855659722222222,2800,0.045714285714285714,0.11429312996031749
gearbox_right,1,-15.0,1200,0.9275,0.0016666666666666668,0.33229166666666665,0.06416666666666666,0.1205619357638889,2800,0.055714285714285716,0.16058212735615077
gearbox_right+input_shaft,2,-30.0,1200,0.1425,0.0,0.03833333333333333,0.01,0.000573611111111111,2800,0.05821428571428571,-0.07838204365079365
gearbox_right+input_shaft,2,-27.5,1200,0.18166666666666667,0.0,0.048541666666666664,0.01,0.0019640190972222225,2800,0.053214285714285714,-0.05886891431051588
gearbox_right+input_shaft,2,-25.0,1200,0.3491666666666667,0.0,0.10020833333333333,0.034166666666666665,0.008870963541666665,2800,0.05678571428571429,-0.017798577008928576
gearbox_right+input_shaft,2,-22.5,1200,0.5325,0.0,0.15791666666666665,0.02,0.031785590277777775,2800,0.0575,0.027023871527777757
gearbox_right+input_shaft,2,-20.0,1200,0.7358333333333333,0.0016666666666666668,0.26041666666666663,0.019166666666666665,0.06826336805555555,2800,0.05142857142857143,0.12342783978174598
gearbox_right+input_shaft,2,-17.5,1200,0.8825,0.008333333333333333,0.38916666666666666,0.05583333333333333,0.08389340277777776,2800,0.05035714285714286,0.24650567956349206
gearbox_right+input_shaft,2,-15.0,1200,0.9741666666666666,0.03666666666666667,0.5247916666666667,0.07416666666666667,0.10133450520833334,2800,0.0375,0.3991244140625
gearbox_right+input_shaft+output_shaft,3,-30.0,1200,0.2,0.0,0.051875000000000004,0.011666666666666667,0.0035188802083333335,2800,0.05392857142857143,-0.057741582961309525
gearbox_right+input_shaft+output_shaft,3,-27.5,1200,0.32416666666666666,0.0,0.08833333333333333,0.020833333333333332,0.01155763888888889,2800,0.06857142857142857,-0.05458834325396826
gearbox_right+input_shaft+output_shaft,3,-25.0,1200,0.6625,0.0,0.18562499999999998,0.01,0.06467339409722223,2800,0.0425,0.06828830295138887
gearbox_right+input_shaft+output_shaft,3,-22.5,1200,0.9075,0.0,0.27375,0.04,0.1309987847222222,2800,0.06142857142857143,0.08539346478174603
gearbox_right+input_shaft+output_shaft,3,-20.0,1200,0.9975,0.0025,0.34708333333333335,0.055,0.14256753472222222,2800,0.048928571428571425,0.17794242311507938
gearbox_right+input_shaft+output_shaft,3,-17.5,1200,1.0,0.013333333333333334,0.4502083333333333,0.06166666666666667,0.11766749131944446,2800,0.05821428571428571,0.27494601624503967
gearbox_right+input_shaft+output_shaft,3,-15.0,1200,1.0,0.0725,0.6231249999999999,0.135,0.10086193576388888,2800,0.04928571428571429,0.47412260354662694
gearbox_right+output_shaft,2,-30.0,1200,0.255,0.0,0.06979166666666667,0.024166666666666666,0.005117144097222222,2800,0.085,-0.10276690538194445
gearbox_right+output_shaft,2,-27.5,1200,0.44166666666666665,0.0,0.12312499999999998,0.021666666666666667,0.023946657986111106,2800,0.07214285714285715,-0.03313404327876986
gearbox_right+output_shaft,2,-25.0,1200,0.7058333333333333,0.0,0.19791666666666666,0.024166666666666666,0.07996128472222223,2800,0.06821428571428571,0.021507452876984114
gearbox_right+output_shaft,2,-22.5,1200,0.9366666666666666,0.0,0.26708333333333334,0.018333333333333333,0.14503524305555557,2800,0.06714285714285714,0.06027999751984127
gearbox_right+output_shaft,2,-20.0,1200,0.9966666666666667,0.0,0.3145833333333333,0.0475,0.15710052083333334,2800,0.06321428571428571,0.10960450148809524
gearbox_right+output_shaft,2,-17.5,1200,1.0,0.0016666666666666668,0.376875,0.065,0.1410515190972222,2800,0.075,0.15634924045138893
gearbox_right+output_shaft,2,-15.0,1200,1.0,0.0225,0.505625,0.17916666666666667,0.117148046875,2800,0.0525,0.3420509765625
input_shaft,1,-30.0,1200,0.07666666666666666,0.0,0.01916666666666667,0.013333333333333334,2.013888888888889e-05,2800,0.06428571428571428,-0.10941483134920633
input_shaft,1,-27.5,1200,0.1,0.0,0.02666666666666667,0.0175,0.00010937499999999998,2800,0.06571428571428571,-0.10481659226190475
input_shaft,1,-25.0,1200,0.1225,0.0,0.030833333333333338,0.011666666666666667,0.0002829861111111111,2800,0.06142857142857143,-0.09216530257936507
input_shaft,1,-22.5,1200,0.195,0.0,0.05229166666666667,0.008333333333333333,0.0017671440972222222,2800,0.06142857142857143,-0.0714490482390873
input_shaft,1,-20.0,1200,0.3433333333333333,0.0,0.09291666666666666,0.008333333333333333,0.007911284722222224,2800,0.054285714285714284,-0.01961040426587302
input_shaft,1,-17.5,1200,0.6116666666666667,0.0,0.18937500000000002,0.025,0.026141102430555552,2800,0.05857142857142857,0.059161591641865095
input_shaft,1,-15.0,1200,0.8208333333333333,0.0,0.28479166666666667,0.016666666666666666,0.0586150607638889,2800,0.06,0.13548413628472222
input_shaft+output_shaft,2,-30.0,1200,0.17666666666666667,0.0,0.04645833333333334,0.0175,0.0011761718749999997,2800,0.06571428571428571,-0.08555832403273808
input_shaft+output_shaft,2,-27.5,1200,0.3,0.0,0.08229166666666667,0.02666666666666667,0.007381380208333335,2800,0.0675,-0.05639902343750001
input_shaft+output_shaft,2,-25.0,1200,0.5191666666666667,0.0,0.14229166666666668,0.0225,0.032691796875000005,2800,0.052142857142857144,0.021660053943452388
input_shaft+output_shaft,2,-22.5,1200,0.8175,0.0,0.24354166666666666,0.014166666666666666,0.09689631076388888,2800,0.06535714285714286,0.06437922557043649
input_shaft+output_shaft,2,-20.0,1200,0.995,0.0008333333333333334,0.34270833333333334,0.030833333333333334,0.14285985243055557,2800,0.05821428571428571,0.15484983568948413
input_shaft+output_shaft,2,-17.5,1200,1.0,0.009166666666666667,0.4447916666666667,0.05333333333333334,0.11900776909722223,2800,0.0525,0.2802877821180556
input_shaft+output_shaft,2,-15.0,1200,1.0,0.03,0.5833333333333333,0.10416666666666667,0.1018329861111111,2800,0.05035714285714286,0.431702554563492
output_shaft,1,-30.0,1200,0.17083333333333334,0.0,0.04416666666666667,0.006666666666666667,0.003290972222222223,2800,0.04428571428571428,-0.04605024801587301
output_shaft,1,-27.5,1200,0.2816666666666667,0.0,0.07333333333333333,0.018333333333333333,0.006568055555555556,2800,0.06428571428571428,-0.05852212301587301
output_shaft,1,-25.0,1200,0.5583333333333333,0.0,0.148125,0.010833333333333334,0.04868901909722223,2800,0.04428571428571428,0.03520906187996033
output_shaft,1,-22.5,1200,0.8458333333333333,0.0,0.23479166666666665,0.0325,0.11810915798611112,2800,0.045714285714285714,0.08430851624503966
output_shaft,1,-20.0,1200,0.9816666666666667,0.0,0.27875,0.019166666666666665,0.16409600694444446,2800,0.055714285714285716,0.08527342509920634
output_shaft,1,-17.5,1200,1.0,0.0,0.329375,0.05333333333333334,0.15385325520833332,2800,0.054285714285714284,0.14387694382440475
output_shaft,1,-15.0,1200,1.0,0.008333333333333333,0.4514583333333333,0.125,0.13034665798611111,2800,0.04428571428571428,0.29771357576884916
