amplitude_case,separation_hz,replicate,sample_count,amplitude_1,amplitude_2,component_1_snr_db,component_2_snr_db,main_estimated_k,main_max_frequency_error_hz,main_success,main_bic_improvement,condition_design,condition_normal,smallest_singular_value,numerical_rank,column_count,ill_conditioned,music_estimated_k,music_max_frequency_error_hz,music_success,music_grid_step_hz,main_runtime_seconds,music_runtime_seconds,main_frequency_1_hz,main_frequency_2_hz,music_frequency_1_hz,music_frequency_2_hz
equal,0.00025,0,40001,0.02,0.02,-16.97925847835726,-16.97925847835726,1,nan,False,-131.89062210787597,1.011244344492838,1.0226151242687498,0.994393979654309,5,5,False,1,nan,False,2.5e-05,0.035702900029718876,0.013954199966974556,13.501892121166543,nan,13.499975,nan
equal,0.00025,1,40001,0.02,0.02,-16.97925847835726,-16.97925847835726,1,nan,False,-98.56928911701652,1.0384328041370818,1.078342688708003,0.9809715649286175,5,5,False,1,nan,False,2.5e-05,0.034228799981065094,0.012274599983356893,13.499598244394749,nan,13.499925,nan
equal,0.00025,2,40001,0.02,0.02,-16.97925847835726,-16.97925847835726,2,0.0077912855701232075,False,22.48336221696991,1.0952825469517578,1.1996438576571293,0.9535397694204546,5,5,False,1,nan,False,2.5e-05,0.03400589997181669,0.012804700003471226,13.492083714429876,13.500852019376417,13.500075,nan
equal,0.00025,3,40001,0.02,0.02,-16.97925847835726,-16.97925847835726,1,nan,False,-6.091445818117791,1.0402951364311508,1.0822139708823066,0.9800592224472182,5,5,False,1,nan,False,2.5e-05,0.034476200002245605,0.013824000023305416,13.501143862475956,nan,13.50005,nan
equal,0.00025,4,40001,0.02,0.02,-16.97925847835726,-16.97925847835726,1,nan,False,-0.7678384001646918,1.089253417828333,1.1864730082507051,0.9564074218314457,5,5,False,1,nan,False,2.5e-05,0.033369400014635175,0.01203339995117858,13.501677440349326,nan,13.499975,nan
equal,0.00025,5,40001,0.02,0.02,-16.97925847835726,-16.97925847835726,2,0.008755978436665757,False,25.30170943113626,1.0601307323924916,1.1238771697630405,0.9703989089000569,5,5,False,1,nan,False,2.5e-05,0.03228540002601221,0.012044700037222356,13.491119021563334,13.500514405760462,13.49995,nan
equal,0.00025,6,40001,0.02,0.02,-16.97925847835726,-16.97925847835726,1,nan,False,-343.01520830781374,1.0678484462662308,1.1403003041932032,0.9666686655713126,5,5,False,1,nan,False,2.5e-05,0.03301929996814579,0.012906000018119812,13.499699300593171,nan,13.4999,nan
equal,0.00025,7,40001,0.02,0.02,-16.97925847835726,-16.97925847835726,2,0.006018533040048624,False,127.55335483996896,1.0271223858537635,1.0549803955219275,0.9865318430485356,5,5,False,2,0.0008749999999988489,False,2.5e-05,0.03389750001952052,0.013202900008764118,13.49385646695995,13.501159080162884,13.499125,13.501
equal,0.00025,8,40001,0.02,0.02,-16.97925847835726,-16.97925847835726,1,nan,False,-97.98598475833569,1.0708782417788525,1.1467802087153665,0.9652086524363267,5,5,False,1,nan,False,2.5e-05,0.032652600028086454,0.012927900010254234,13.50007179635428,nan,13.4999,nan
equal,0.00025,9,40001,0.02,0.02,-16.97925847835726,-16.97925847835726,2,0.006529166977765399,False,20.43765462023657,1.0161238720717605,1.0325077233941073,0.991971044184106,5,5,False,1,nan,False,2.5e-05,0.03255350003018975,0.01275819999864325,13.493345833022234,13.50096802906104,13.50005,nan
equal,0.0005,0,40001,0.02,0.02,-16.97925847835726,-16.97925847835726,2,0.0030079216895906313,False,37.24002826260403,1.0856450298847564,1.1786251309134737,0.9581284476161711,5,5,False,1,nan,False,2.5e-05,0.03259489999618381,0.013575199991464615,13.49674207831041,13.501348605804564,13.50005,nan
equal,0.0005,1,40001,0.02,0.02,-16.97925847835726,-16.97925847835726,2,0.009707884984601733,False,84.76745238650255,1.0043848199469927,1.008788866539953,0.997810093620822,5,5,False,1,nan,False,2.5e-05,0.03498199995374307,0.011818300001323223,13.499914384044287,13.509957884984601,13.50025,nan
equal,0.0005,2,40001,0.02,0.02,-16.97925847835726,-16.97925847835726,2,0.003348173933336085,False,26.92038977030097,1.243271574446374,1.5457242078263658,0.886358316010387,5,5,False,1,nan,False,2.5e-05,0.03524019999895245,0.012564800039399415,13.499890932949151,13.503598173933336,13.499925,nan
equal,0.0005,3,40001,0.02,0.02,-16.97925847835726,-16.97925847835726,1,nan,False,2.8432509696212946,1.1983603985433828,1.4360676447970553,0.9060878781476709,5,5,False,1,nan,False,2.5e-05,0.036633099953178316,0.013739900023210794,13.499004523557765,nan,13.4985,nan
equal,0.0005,4,40001,0.02,0.02,-16.97925847835726,-16.97925847835726,2,0.008949679579998815,False,35.911059109555936,1.0759398397613271,1.1576465387856303,0.9627750948019731,5,5,False,1,nan,False,2.5e-05,0.03753520001191646,0.013753400009591132,13.490800320420002,13.50000010844294,13.499975,nan
equal,0.0005,5,40001,0.02,0.02,-16.97925847835726,-16.97925847835726,2,0.0033425872230967713,False,42.5796615420677,1.2460445866953935,1.552627112032894,0.8851590397872168,5,5,False,1,nan,False,2.5e-05,0.03475819999584928,0.012855600041802973,13.496407412776904,13.5000498196424,13.500025,nan
equal,0.0005,6,40001,0.02,0.02,-16.97925847835726,-16.97925847835726,2,0.005024064712713994,False,67.24717318849798,1.0523837502909172,1.1075115578763757,0.9741593972128454,5,5,False,1,nan,False,2.5e-05,0.033881799958180636,0.013964400044642389,13.49999989155706,13.505274064712713,13.4997,nan
equal,0.0005,7,40001,0.02,0.02,-16.97925847835726,-16.97925847835726,1,nan,False,-484.80027876431814,1.0125401922008344,1.0252376408221027,0.9937496817126636,5,5,False,1,nan,False,2.5e-05,0.03554219997022301,0.01375520002329722,13.49940026533717,nan,13.499975,nan
equal,0.0005,8,40001,0.02,0.02,-16.97925847835726,-16.97925847835726,2,0.007823579426634808,False,32.51327017249969,1.0915793539762086,1.191545486027117,0.9552999448089464,5,5,False,1,nan,False,2.5e-05,0.03331939998315647,0.012824500037822872,13.499629385502432,13.508073579426634,13.499875,nan
equal,0.0005,9,40001,0.02,0.02,-16.97925847835726,-16.97925847835726,2,0.002213715818516704,False,24.286048617117558,1.2402433041915528,1.5382034535919806,0.8876704903849305,5,5,False,1,nan,False,2.5e-05,0.035176999983377755,0.013040899997577071,13.499059718745475,13.502463715818516,13.499975,nan
equal,0.00075,0,40001,0.02,0.02,-16.97925847835726,-16.97925847835726,2,0.0035391102752857506,False,29.134859357169262,1.1988367196627892,1.437209480411837,0.9058756134597623,5,5,False,2,0.005625000000000213,False,2.5e-05,0.035516500007361174,0.012461400008760393,13.496085889724714,13.500159765244346,13.494,13.5001
equal,0.00075,1,40001,0.02,0.02,-16.97925847835726,-16.97925847835726,1,nan,False,-840.5908800028719,1.0025304414442422,1.005067286022387,0.998735661342853,5,5,False,1,nan,False,2.5e-05,0.03688999998848885,0.012132400006521493,13.499588147286563,nan,13.5,nan
equal,0.00075,2,40001,0.02,0.02,-16.97925847835726,-16.97925847835726,2,0.007342097545866011,False,91.95116949491239,1.0551750300714686,1.1133943440863248,0.9728026172718514,5,5,False,1,nan,False,2.5e-05,0.03597879997687414,0.012794899987056851,13.492282902454134,13.500232662292094,13.500575,nan
equal,0.00075,3,40001,0.02,0.02,-16.97925847835726,-16.97925847835726,1,nan,False,-0.5217050246774306,1.245619668526742,1.5515683586206706,0.8853426604763446,5,5,False,1,nan,False,2.5e-05,0.033954700047615916,0.0151773999677971,13.500094567072072,nan,13.50005,nan
equal,0.00075,4,40001,0.02,0.02,-16.97925847835726,-16.97925847835726,1,nan,False,-0.24404327355659916,1.1353951299630742,1.2891221011438663,0.9347178114312078,5,5,False,1,nan,False,2.5e-05,0.035239099990576506,0.01299049996305257,13.499780683782898,nan,13.500025,nan
equal,0.00075,5,40001,0.02,0.02,-16.97925847835726,-16.97925847835726,2,0.006772348823123053,False,79.65415601926907,1.085886934214427,1.1791504338976075,0.9580129766573227,5,5,False,1,nan,False,2.5e-05,0.03514489997178316,0.01239520002854988,13.49810618241353,13.507147348823123,13.5,nan
equal,0.00075,6,40001,0.02,0.02,-16.97925847835726,-16.97925847835726,2,0.00726176843701154,False,44.43998132962042,1.018049954226433,1.0364257093004423,0.9910161520887728,5,5,False,1,nan,False,2.5e-05,0.03553599998122081,0.013063899998087436,13.49999989155706,13.507636768437012,13.499925,nan
equal,0.00075,7,40001,0.02,0.02,-16.97925847835726,-16.97925847835726,2,0.006812612229213144,False,17.577115117366702,1.009631138195262,1.0193550352134604,0.9951960807226817,5,5,False,1,nan,False,2.5e-05,0.037556299997959286,0.013237199978902936,13.49975905772602,13.507187612229213,13.5,nan
equal,0.00075,8,40001,0.02,0.02,-16.97925847835726,-16.97925847835726,2,0.00110522223068088,False,51.76101603322786,1.1240721745078388,1.2635382535027813,0.9399853361562975,5,5,False,1,nan,False,2.5e-05,0.033735300006810576,0.013574199983850121,13.49863924269437,13.501480222230681,13.500025,nan
equal,0.00075,9,40001,0.02,0.02,-16.97925847835726,-16.97925847835726,2,0.0022764234312582232,False,26.480299168821148,1.1148457185600742,1.242880976191728,0.944304123612598,5,5,False,1,nan,False,2.5e-05,0.0353878999594599,0.013079399999696761,13.497348576568742,13.500160970813806,13.499625,nan
equal,0.001,0,40001,0.02,0.02,-16.97925847835726,-16.97925847835726,1,nan,False,-621.4907061914982,1.0232289319099879,1.0469974470976546,0.9884537362023943,5,5,False,1,nan,False,2.5e-05,0.033922099974006414,0.013496500032488257,13.499853444439625,nan,13.5001,nan
equal,0.001,1,40001,0.02,0.02,-16.97925847835726,-16.97925847835726,2,0.005108092928431063,False,209.41564680255397,1.1247648676049644,1.2650960073984132,0.939662039387094,5,5,False,1,nan,False,2.5e-05,0.03477029997156933,0.013289500027894974,13.499117274298575,13.505608092928432,13.499925,nan
equal,0.001,2,40001,0.02,0.02,-16.97925847835726,-16.97925847835726,1,nan,False,-369.13443288875624,1.0857301183671384,1.1788098899295203,0.9580878415629659,5,5,False,1,nan,False,2.5e-05,0.034213899984024465,0.012089600029867142,13.500184433646334,nan,13.499925,nan
equal,0.001,3,40001,0.02,0.02,-16.97925847835726,-16.97925847835726,1,nan,False,-196.32115933777277,1.000731471727874,1.0014634785066365,0.9996345976944165,5,5,False,2,0.005074999999999719,False,2.5e-05,0.03516279999166727,0.012983100023120642,13.499873404327618,nan,13.494425,13.5
equal,0.001,4,40001,0.02,0.02,-16.97925847835726,-16.97925847835726,1,nan,False,-264.8672240525393,1.0268677571903269,1.054457390757092,0.9866573925293467,5,5,False,2,0.00727499999999992,False,2.5e-05,0.036461499985307455,0.013728399993851781,13.501352765549202,nan,13.5,13.506775
equal,0.001,5,40001,0.02,0.02,-16.97925847835726,-16.97925847835726,2,0.0004998915570606499,False,79.6954677227368,4.980430996239717,24.804692908305338,0.27839770455705737,5,5,False,1,nan,False,2.5e-05,0.03341779997572303,0.013194900006055832,13.499450948851829,13.50000010844294,13.500025,nan
equal,0.001,6,40001,0.02,0.02,-16.97925847835726,-16.97925847835726,1,nan,False,6.6223309863216855,1.0354202021228514,1.0720949949641263,0.9824493439501235,5,5,False,2,0.007825000000000415,False,2.5e-05,0.03482340002665296,0.013983999961055815,13.50007445392023,nan,13.50005,13.507325
equal,0.001,7,40001,0.02,0.02,-16.97925847835726,-16.97925847835726,2,0.00821945939851254,False,47.69116110352843,1.028359842738825,1.0575239661578208,0.9859219748061553,5,5,False,1,nan,False,2.5e-05,0.033967399969697,0.013611200032755733,13.498425373828965,13.508719459398513,13.499975,nan
equal,0.001,8,40001,0.02,0.02,-16.97925847835726,-16.97925847835726,2,0.002582609952664683,False,75.40664241241939,1.1654223704181685,1.3582093014711027,0.9209240627892488,5,5,False,1,nan,False,2.5e-05,0.03347359999315813,0.013380900025367737,13.496917390047335,13.501165089601704,13.500075,nan
equal,0.001,9,40001,0.02,0.02,-16.97925847835726,-16.97925847835726,2,0.007073251639113209,False,57.79195061003884,1.0955282789132423,1.2001822098986108,0.9534231075340382,5,5,False,1,nan,False,2.5e-05,0.03432470001280308,0.012840499985031784,13.498825588778516,13.507573251639114,13.4999,nan
equal,0.0015,0,40001,0.02,0.02,-16.97925847835726,-16.97925847835726,1,nan,False,8.341865999536822,1.0782282198752773,1.1625760941354093,0.9616771728067401,5,5,False,1,nan,False,2.5e-05,0.033708799979649484,0.012562100018840283,13.500275177141306,nan,13.50035,nan
equal,0.0015,1,40001,0.02,0.02,-16.97925847835726,-16.97925847835726,2,0.007058202204925479,False,27.669721048401698,1.0433892552608526,1.0886611379937965,0.978545457689299,5,5,False,1,nan,False,2.5e-05,0.034794499981217086,0.017157999973278493,13.492191797795074,13.500034978855902,13.50075,nan
equal,0.0015,2,40001,0.02,0.02,-16.97925847835726,-16.97925847835726,2,0.007719123130247141,False,69.65294585467382,1.0924659687620524,1.1934818929032096,0.9548781999896738,5,5,False,1,nan,False,2.5e-05,0.03806529997382313,0.013475100044161081,13.49999989155706,13.508469123130247,13.499725,nan
equal,0.0015,3,40001,0.02,0.02,-16.97925847835726,-16.97925847835726,2,0.005913332638410651,False,10.535513165659722,1.085594092537042,1.1785145337513236,0.9581528003269959,5,5,False,1,nan,False,2.5e-05,0.03715559997363016,0.012842099997214973,13.497617301265768,13.50666333263841,13.5,nan
equal,0.0015,4,40001,0.02,0.02,-16.97925847835726,-16.97925847835726,2,0.0003251149961531752,True,303.60838584326666,1.1810893050716855,1.394971946554717,0.9138286609917924,5,5,False,1,nan,False,2.5e-05,0.03309329994954169,0.013681500044185668,13.498939885735696,13.501075114996153,13.5,nan
equal,0.0015,5,40001,0.02,0.02,-16.97925847835726,-16.97925847835726,2,0.0006845867035600861,False,50.36327998318484,1.0796218914619622,1.1655834285239048,0.9610091606585094,5,5,False,1,nan,False,2.5e-05,0.03507809998700395,0.012892200029455125,13.499113539389034,13.50143458670356,13.4994,nan
equal,0.0015,6,40001,0.02,0.02,-16.97925847835726,-16.97925847835726,2,0.0006535500517994564,False,34.870146259401736,1.1187889020905866,1.25168860744106,0.9424554250094198,5,5,False,1,nan,False,2.5e-05,0.03478549997089431,0.013070299988612533,13.4985964499482,13.500841138524715,13.499475,nan
equal,0.0015,7,40001,0.02,0.02,-16.97925847835726,-16.97925847835726,2,0.0065774435573136,False,21.304156909880476,1.0081153954705726,1.016296650584789,0.9959507516100883,5,5,False,1,nan,False,2.5e-05,0.03525059996172786,0.013048299995716661,13.492672556442686,13.502753596209299,13.500025,nan
equal,0.0015,8,40001,0.02,0.02,-16.97925847835726,-16.97925847835726,2,0.010282115146768689,False,105.28441938052856,1.0721462166290874,1.149497509832066,0.9645983721366292,5,5,False,1,nan,False,2.5e-05,0.03470649995142594,0.012523300014436245,13.488967884853231,13.500318247784435,13.50035,nan
equal,0.0015,9,40001,0.02,0.02,-16.97925847835726,-16.97925847835726,1,nan,False,-5.212474684607514,1.0907972312364658,1.1898385996731398,0.9556721817205021,5,5,False,1,nan,False,2.5e-05,0.03465639997739345,0.013312000024598092,13.499814648601157,nan,13.499725,nan
equal,0.002,0,40001,0.02,0.02,-16.97925847835726,-16.97925847835726,2,0.0014889680567087282,False,240.90789735488397,1.2337246631716825,1.5220765445180815,0.8905039895966381,5,5,False,2,0.00020000000000131024,True,2.5e-05,0.03500869998242706,0.012850700004491955,13.497511031943292,13.500846868294426,13.4988,13.501075
equal,0.002,1,40001,0.02,0.02,-16.97925847835726,-16.97925847835726,2,0.007352749347115051,False,15.861545253144868,1.0946456201370147,1.1982490336851495,0.9538422286460193,5,5,False,2,0.0005249999999996646,False,2.5e-05,0.03492409997852519,0.014147100038826466,13.491647250652886,13.500198942804735,13.499525,13.501524999999999
equal,0.002,2,40001,0.02,0.02,-16.97925847835726,-16.97925847835726,2,0.007684687837214099,False,56.401414427366035,1.0952148211136554,1.1994955043870164,0.9535719415308124,5,5,False,1,nan,False,2.5e-05,0.03156949998810887,0.0141225999686867,13.499912252574477,13.508684687837214,13.49965,nan
equal,0.002,3,40001,0.02,0.02,-16.97925847835726,-16.97925847835726,2,0.0014712298454053752,False,109.10203372744036,1.1495262531841304,1.3214106067595455,0.9281945519069871,5,5,False,2,0.0005749999999995481,False,2.5e-05,0.03318159998161718,0.013459999987389892,13.499546472409643,13.502471229845405,13.49885,13.500425
equal,0.002,4,40001,0.02,0.02,-16.97925847835726,-16.97925847835726,1,nan,False,-162.14164677597,1.0404406738607694,1.082516795823852,0.9799879564857104,5,5,False,1,nan,False,2.5e-05,0.03399440000066534,0.013523100002203137,13.497241012438156,nan,13.500175,nan
equal,0.002,5,40001,0.02,0.02,-16.97925847835726,-16.97925847835726,2,0.007376915739607526,False,43.15024673039079,1.0886862069714214,1.1852376572498204,0.9566777201051475,5,5,False,2,0.0004249999999998977,True,2.5e-05,0.03377460001502186,0.013994999986607581,13.491623084260393,13.50000010844294,13.4992,13.501425
equal,0.002,6,40001,0.02,0.02,-16.97925847835726,-16.97925847835726,2,0.0004912396920229156,True,608.5363454062908,1.1085829695242935,1.2289562003193006,0.9472491637870976,5,5,False,1,nan,False,2.5e-05,0.032875999982934445,0.013775700004771352,13.498697833435532,13.501491239692022,13.4997,nan
equal,0.002,7,40001,0.02,0.02,-16.97925847835726,-16.97925847835726,2,0.006896861953304523,False,17.365549671270855,1.0162477930527665,1.0327595768846185,0.9919093633970695,5,5,False,1,nan,False,2.5e-05,0.03387089999159798,0.013616700016427785,13.498056464764236,13.507896861953304,13.500225,nan
equal,0.002,8,40001,0.02,0.02,-16.97925847835726,-16.97925847835726,2,0.0007046351712052257,False,871.8990977726971,1.1798956735713322,1.3921538005123477,0.9143667995016241,5,5,False,1,nan,False,2.5e-05,0.03355649998411536,0.014177199976984411,13.498666708368157,13.501704635171205,13.50035,nan
equal,0.002,9,40001,0.02,0.02,-16.97925847835726,-16.97925847835726,2,0.0010307723618598885,False,755.0068439927991,1.1887200988079898,1.413055473310077,0.9103981045709826,5,5,False,1,nan,False,2.5e-05,0.03346639999654144,0.013139199989382178,13.498955795482015,13.50203077236186,13.499925,nan
equal,0.0025,0,40001,0.02,0.02,-16.97925847835726,-16.97925847835726,2,0.00029683415671222235,True,1346.2658760310314,1.1613811920438297,1.348806273233147,0.922765605885172,5,5,False,2,0.00027500000000024727,True,2.5e-05,0.0345954000367783,0.013745100004598498,13.498580077251706,13.501546834156713,13.4988,13.500975
equal,0.0025,1,40001,0.02,0.02,-16.97925847835726,-16.97925847835726,2,0.004312958109458975,False,22.709830118732498,1.005396023545472,1.0108211641610472,0.9973056375949949,5,5,False,2,0.00047499999999978115,True,2.5e-05,0.03562919999239966,0.012895699997898191,13.49443704189054,13.501977326252858,13.499225,13.501475
equal,0.0025,2,40001,0.02,0.02,-16.97925847835726,-16.97925847835726,1,nan,False,-368.94528833127697,1.0669536247013287,1.1383900372633038,0.9671003103540088,5,5,False,2,0.002500000000001279,False,2.5e-05,0.03208119998453185,0.012373500037938356,13.500050425191828,nan,13.498325,13.50125
equal,0.0025,3,40001,0.02,0.02,-16.97925847835726,-16.97925847835726,1,nan,False,-1.8670576648873976,1.0700596647333418,1.1450276860892319,0.9656028675432858,5,5,False,2,0.0021250000000012648,False,2.5e-05,0.03288010001415387,0.014215299976058304,13.500066380368029,nan,13.4989,13.500875
equal,0.0025,4,40001,0.02,0.02,-16.97925847835726,-16.97925847835726,2,0.0007020129209767134,False,364.4440470502914,1.1774475594762257,1.38638275531652,0.9154717674969707,5,5,False,2,0.0007249999999991985,False,2.5e-05,0.032204999995883554,0.013696899986825883,13.498047987079023,13.501076139748166,13.4985,13.501975
equal,0.0025,5,40001,0.02,0.02,-16.97925847835726,-16.97925847835726,2,0.004257258343272952,False,50.835422474874576,1.0719795855997336,1.1491402319425765,0.9646785390091023,5,5,False,2,0.0002500000000011937,True,2.5e-05,0.03366370004368946,0.012548099970445037,13.494492741656726,13.501472119080027,13.499,13.501325
equal,0.0025,6,40001,0.02,0.02,-16.97925847835726,-16.97925847835726,1,nan,False,6.92705309233952,1.1337014076786207,1.285278881772486,0.9355034526007353,5,5,False,2,0.00295000000000023,False,2.5e-05,0.03202939999755472,0.013085699989460409,13.499745029023007,nan,13.498675,13.5017
equal,0.0025,7,40001,0.02,0.02,-16.97925847835726,-16.97925847835726,1,nan,False,-46.16118296491277,1.0948480594055974,1.1986922731842025,0.953746089789972,5,5,False,2,0.0025500000000011624,False,2.5e-05,0.032730799983255565,0.014225799997802824,13.498185164669161,nan,13.498725,13.5013
equal,0.0025,8,40001,0.02,0.02,-16.97925847835726,-16.97925847835726,2,0.00717828103643825,False,40.36372499665231,1.0349156467014087,1.071050395787395,0.9826969821213412,5,5,False,1,nan,False,2.5e-05,0.034259699983522296,0.013691000000108033,13.49877011005137,13.508428281036439,13.49885,nan
equal,0.0025,9,40001,0.02,0.02,-16.97925847835726,-16.97925847835726,1,nan,False,-182.3289263178567,1.072045513579025,1.1492815831849155,0.964646823635428,5,5,False,2,0.0025250000000003325,False,2.5e-05,0.03282959997886792,0.013544299989007413,13.502605718697485,nan,13.4988,13.501275
equal,0.003,0,40001,0.02,0.02,-16.97925847835726,-16.97925847835726,2,0.004099503491890033,False,43.66097782819361,1.0701330181709843,1.1451846765797402,0.9655675201493423,5,5,False,2,0.00012500000000059686,True,2.5e-05,0.03579689998878166,0.013779799977783114,13.49440049650811,13.501393717287822,13.498625,13.501524999999999
equal,0.003,1,40001,0.02,0.02,-16.97925847835726,-16.97925847835726,1,nan,False,-1281.0970236671437,1.023340427763137,1.0472256310944403,0.9883987177760054,5,5,False,2,0.003175000000000594,False,2.5e-05,0.03263800003333017,0.012396299978718162,13.50007541743849,nan,13.4985,13.501675
equal,0.003,2,40001,0.02,0.02,-16.97925847835726,-16.97925847835726,1,nan,False,-612.7993477412983,1.0434663940738176,1.0888221155614155,0.9785076763903567,5,5,False,2,0.002874999999999517,False,2.5e-05,0.03288610000163317,0.013102700002491474,13.500188020912734,nan,13.49835,13.501375
equal,0.003,3,40001,0.02,0.02,-16.97925847835726,-16.97925847835726,1,nan,False,-109.27662142173722,1.0686338223250313,1.1419782462170067,0.9662899661704218,5,5,False,2,0.0027500000000006963,False,2.5e-05,0.03441490000113845,0.013071199995465577,13.497326539117894,nan,13.4982,13.50125
equal,0.003,4,40001,0.02,0.02,-16.97925847835726,-16.97925847835726,2,0.0013444495012500113,False,314.88814276390895,1.0589471280581757,1.1213690200226583,0.9709724033642294,5,5,False,2,9.999999999976694e-05,True,2.5e-05,0.031994900025893,0.012622599955648184,13.49984444950125,13.50220849770132,13.498425,13.5014
equal,0.003,5,40001,0.02,0.02,-16.97925847835726,-16.97925847835726,2,0.006932428238513921,False,11.584883401421394,1.0701106860433411,1.1451368803841502,0.9655783115761571,5,5,False,2,0.0003750000000000142,True,2.5e-05,0.03481289994670078,0.013863200030755252,13.497480550643537,13.508432428238514,13.498875,13.5012
equal,0.003,6,40001,0.02,0.02,-16.97925847835726,-16.97925847835726,1,nan,False,-96.15552124047099,1.023102989635644,1.0467397274013928,0.9885160775799081,5,5,False,2,0.0029249999999994003,False,2.5e-05,0.03472400002647191,0.013444599986542016,13.502215159545266,nan,13.4988,13.501425
equal,0.003,7,40001,0.02,0.02,-16.97925847835726,-16.97925847835726,1,nan,False,-400.1194023027092,1.0534647971152546,1.1097880787610845,0.9736336244371085,5,5,False,2,0.00295000000000023,False,2.5e-05,0.03674520005006343,0.013541199965402484,13.502482056764238,nan,13.498525,13.50145
equal,0.003,8,40001,0.02,0.02,-16.97925847835726,-16.97925847835726,2,0.0011712523482536596,False,955.6234976765627,2.8551181792196396,8.15169981731047,0.4674811617063979,5,5,False,2,0.00024999999999941735,True,2.5e-05,0.036373899958562106,0.014544700039550662,13.499671252348254,13.50061518968798,13.49835,13.50125
equal,0.003,9,40001,0.02,0.02,-16.97925847835726,-16.97925847835726,1,nan,False,6.123909916474986,1.015311768900183,1.0308579880672184,0.9923734468735215,5,5,False,2,0.0029000000000003467,False,2.5e-05,0.0331727999728173,0.012412399984896183,13.501155141605595,nan,13.4983,13.5014
equal,0.004,0,40001,0.02,0.02,-16.97925847835726,-16.97925847835726,1,nan,False,-17.23871808698459,1.092820288732961,1.1942561834663923,0.9547096816910634,5,5,False,2,0.004150000000000986,False,2.5e-05,0.03429189999587834,0.013976300018839538,13.497294895343302,nan,13.498325,13.50215
equal,0.004,1,40001,0.02,0.02,-16.97925847835726,-16.97925847835726,2,0.0007156997343198412,True,1298.0752728805328,1.1433142671264287,1.3071675134148428,0.9310552107189536,5,5,False,2,0.00019999999999953388,True,2.5e-05,0.036277799983508885,0.0130306999781169,13.49728430026568,13.501635449697284,13.4978,13.502075
equal,0.004,2,40001,0.02,0.02,-16.97925847835726,-16.97925847835726,1,nan,False,-70.47049208353928,1.0567249151156133,1.1166675462261002,0.9720501515497173,5,5,False,2,0.0039250000000006224,False,2.5e-05,0.03325209999457002,0.013546700007282197,13.497743660271874,nan,13.4979,13.501925
equal,0.004,3,40001,0.02,0.02,-16.97925847835726,-16.97925847835726,1,nan,False,-137.05443291503343,1.0620788742457972,1.12801153511922,0.9694558312127867,5,5,False,2,0.004224999999999923,False,2.5e-05,0.03352820000145584,0.013594499963801354,13.502793633865616,nan,13.498,13.502225
equal,0.004,4,40001,0.02,0.02,-16.97925847835726,-16.97925847835726,2,0.0061815848122641626,False,21.729074049671,1.0499739313186511,1.1024452564487435,0.9753323958117753,5,5,False,2,0.00015000000000142677,True,2.5e-05,0.03596270002890378,0.013973599998280406,13.491818415187735,13.502377574974169,13.49815,13.502025
equal,0.004,5,40001,0.02,0.02,-16.97925847835726,-16.97925847835726,2,0.0039045003520659094,False,33.74961255400103,1.0891615806624535,1.186272948791134,0.9564511977425821,5,5,False,2,0.00019999999999953388,True,2.5e-05,0.033132400014437735,0.013690599997062236,13.497517906188774,13.505904500352067,13.49805,13.5022
equal,0.004,6,40001,0.02,0.02,-16.97925847835726,-16.97925847835726,1,nan,False,2.148864730297646,1.098021247768258,1.2056506605505624,0.9522404628307408,5,5,False,2,0.0039250000000006224,False,2.5e-05,0.03327389998594299,0.013388700026553124,13.499588130263248,nan,13.497975,13.501925
equal,0.004,7,40001,0.02,0.02,-16.97925847835726,-16.97925847835726,1,nan,False,-35.55483586753962,1.0009903084982557,1.0019815977074331,0.9995049684003406,5,5,False,2,0.004025000000000389,False,2.5e-05,0.03383069997653365,0.013297000026796013,13.498439408438594,nan,13.4977,13.502025
equal,0.004,8,40001,0.02,0.02,-16.97925847835726,-16.97925847835726,2,0.003689804437975397,False,35.479150465392195,1.0165183865585168,1.03330963021153,0.9917751880748439,5,5,False,2,0.0006499999999984851,True,2.5e-05,0.03301780001493171,0.01247650000732392,13.494310195562024,13.501935272139757,13.498475,13.50265
equal,0.004,9,40001,0.02,0.02,-16.97925847835726,-16.97925847835726,2,0.00042871278212786024,True,1290.951679694006,1.1713049422080966,1.3719552676411124,0.9182517201895019,5,5,False,2,0.00022499999999858744,True,2.5e-05,0.033936699968762696,0.012528199993539602,13.497571287217871,13.501790088040122,13.49795,13.502225
equal,0.005,0,40001,0.02,0.02,-16.97925847835726,-16.97925847835726,2,8.537330706559487e-05,True,2104.433440692811,1.003851313906706,1.00771746043222,0.9980763004483351,5,5,False,2,0.00012500000000059686,True,2.5e-05,0.03562969999620691,0.013045299972873181,13.497414626692935,13.502433693482722,13.497375,13.50245
equal,0.005,1,40001,0.02,0.02,-16.97925847835726,-16.97925847835726,2,5.068933973539913e-05,True,1976.3544842501924,1.0051934856195326,1.0104139435319455,0.997406637408219,5,5,False,2,0.00012500000000059686,True,2.5e-05,0.0330429999739863,0.012329499993938953,13.497475092570507,13.502449310660264,13.497375,13.5024
equal,0.005,2,40001,0.02,0.02,-16.97925847835726,-16.97925847835726,2,2.9364086223893082e-05,True,2104.9247539278413,1.0013363457074838,1.0026744772348175,0.9993324518551956,5,5,False,2,7.500000000071338e-05,True,2.5e-05,0.03320550004718825,0.012583699950482696,13.497470635913777,13.502477075352658,13.497425,13.502525
equal,0.005,3,40001,0.02,0.02,-16.97925847835726,-16.97925847835726,2,4.669000499291087e-05,True,1979.3697561229556,1.0149405394842146,1.0301042986885085,0.9925578795764411,5,5,False,2,4.999999999988347e-05,True,2.5e-05,0.03441620001103729,0.01357279997318983,13.497471572250173,13.502546690004992,13.49755,13.50255
equal,0.005,4,40001,0.02,0.02,-16.97925847835726,-16.97925847835726,2,4.021679435162184e-05,True,2090.2264832729898,1.0151198409672275,1.0304682915253294,0.9924688664933935,5,5,False,2,0.00017499999999870397,True,2.5e-05,0.033938199980184436,0.01306780002778396,13.497540216794352,13.502466194500956,13.497675,13.50245
equal,0.005,5,40001,0.02,0.02,-16.97925847835726,-16.97925847835726,2,5.2054854545957596e-05,True,2161.6455204686545,1.00084636588797,1.0016934481111563,0.9995769066357563,5,5,False,2,2.5000000000829914e-05,True,2.5e-05,0.035181300016120076,0.012913899961858988,13.49745218639133,13.502447945145454,13.497475,13.502525
equal,0.005,6,40001,0.02,0.02,-16.97925847835726,-16.97925847835726,2,0.00017318912087915805,True,2062.737938644166,1.0501143209723347,1.1027400871111877,0.9752640300483661,5,5,False,2,0.00020000000000131024,True,2.5e-05,0.0366607999894768,0.014789899985771626,13.497411685060321,13.502673189120879,13.4975,13.5027
equal,0.005,7,40001,0.02,0.02,-16.97925847835726,-16.97925847835726,2,8.481150522676728e-05,True,2511.75218559101,1.0322099753075664,1.0654574331244469,0.9840266971137429,5,5,False,2,0.00020000000000131024,True,2.5e-05,0.03283119999105111,0.012964699999429286,13.497415188494774,13.502579786596826,13.4974,13.5027
equal,0.005,8,40001,0.02,0.02,-16.97925847835726,-16.97925847835726,2,0.00017953533628300988,True,2236.9006961188124,1.003736676153269,1.0074873150552122,0.998133453346813,5,5,False,2,0.0002999999999993008,True,2.5e-05,0.03517139999894425,0.01275370002258569,13.497320464663717,13.50233899052376,13.497225,13.5022
equal,0.005,9,40001,0.02,0.02,-16.97925847835726,-16.97925847835726,2,9.810994568049125e-05,True,2190.545282113848,1.0342624751781468,1.0696988675616268,0.9830178949319878,5,5,False,2,9.999999999976694e-05,True,2.5e-05,0.03498550003860146,0.014080400054808706,13.49740189005432,13.502577352122193,13.4974,13.502575
equal,0.0075,0,40001,0.02,0.02,-16.97925847835726,-16.97925847835726,2,4.4369667339339e-05,True,1883.579211381717,1.006503663291061,1.0130496242183253,0.9967534725711602,5,5,False,2,0.0002250000000003638,True,2.5e-05,0.0342102000140585,0.014990399999078363,13.496245788437255,13.50379436966734,13.496225,13.503975
equal,0.0075,1,40001,0.02,0.02,-16.97925847835726,-16.97925847835726,2,4.140716262845956e-05,True,2010.4910981166367,1.0075907407280074,1.0152391008008146,0.9962118590544241,5,5,False,2,4.999999999988347e-05,True,2.5e-05,0.041177700040861964,0.013375699985772371,13.496208592837371,13.503765416291365,13.4962,13.503775
equal,0.0075,2,40001,0.02,0.02,-16.97925847835726,-16.97925847835726,2,4.7246220050922716e-05,True,1721.9335007117834,1.00978939650574,1.0196746252954267,0.9951173384896072,5,5,False,2,9.999999999976694e-05,True,2.5e-05,0.03649500000756234,0.014177300035953522,13.496223743078524,13.503797246220051,13.496225,13.50385
equal,0.0075,3,40001,0.02,0.02,-16.97925847835726,-16.97925847835726,2,1.4214708121684794e-05,True,1750.7171188632083,1.0019602249034028,1.0039242922884775,0.9990203683277681,5,5,False,2,0.00017500000000048033,True,2.5e-05,0.03627570002572611,0.014381800021510571,13.496235785291878,13.503750129440574,13.496075,13.5037
equal,0.0075,4,40001,0.02,0.02,-16.97925847835726,-16.97925847835726,2,1.6335741882755883e-05,True,2290.806892757134,1.0041647115896772,1.0083467680019798,0.9979198167922785,5,5,False,2,4.999999999988347e-05,True,2.5e-05,0.036849799973424524,0.012997000012546778,13.496235404307487,13.503766335741883,13.4963,13.503775
equal,0.0075,5,40001,0.02,0.02,-16.97925847835726,-16.97925847835726,2,3.452638318179879e-05,True,1695.9724189927401,1.0052628777897026,1.0105534534620344,0.9973714604556126,5,5,False,2,4.999999999988347e-05,True,2.5e-05,0.03695089998655021,0.013393500004895031,13.496284526383182,13.503745363329188,13.496225,13.5037
equal,0.0075,6,40001,0.02,0.02,-16.97925847835726,-16.97925847835726,2,3.934077272305103e-05,True,2052.3776822572745,1.0030871080791701,1.0061837463946328,0.9984576390695488,5,5,False,2,0.0001499999999996504,True,2.5e-05,0.03289849997963756,0.012830899970140308,13.496266535824695,13.503789340772723,13.4962,13.5039
equal,0.0075,7,40001,0.02,0.02,-16.97925847835726,-16.97925847835726,2,7.332542279669951e-05,True,1790.63717562091,1.0106727837101201,1.0214594757323634,0.9946776464196996,5,5,False,2,7.500000000071338e-05,True,2.5e-05,0.0360279000014998,0.014331299986224622,13.496323325422797,13.503744433442623,13.496325,13.503775
equal,0.0075,8,40001,0.02,0.02,-16.97925847835726,-16.97925847835726,2,2.0485323442898107e-05,True,1834.3548887899296,1.002122823286857,1.0042501529524215,0.9989376900081993,5,5,False,2,0.00012500000000059686,True,2.5e-05,0.032765000010840595,0.013417100009974092,13.496245369694888,13.503729514676557,13.496125,13.503875
equal,0.0075,9,40001,0.02,0.02,-16.97925847835726,-16.97925847835726,2,4.35723200666871e-05,True,2161.1861848384115,1.0040584940533381,1.0081334594806572,0.9979720864069614,5,5,False,2,0.00012500000000059686,True,2.5e-05,0.033394499972928315,0.012671900040004402,13.496293572320067,13.50376333301558,13.4963,13.503875
equal,0.01,0,40001,0.02,0.02,-16.97925847835726,-16.97925847835726,2,7.132571336043725e-05,True,2231.565214000959,1.0058634514978873,1.0117612830592426,0.9970725842385155,5,5,False,2,0.00012500000000059686,True,2.5e-05,0.03329579997807741,0.013009299989789724,13.49507132571336,13.50501317393328,13.495125,13.504975
equal,0.01,1,40001,0.02,0.02,-16.97925847835726,-16.97925847835726,2,1.3647319502041455e-05,True,2224.272271435574,1.0022260199978985,1.004456995160828,0.9988878947644322,5,5,False,2,5.000000000165983e-05,True,2.5e-05,0.03457780001917854,0.014208399981725961,13.494991867861001,13.505013647319503,13.495,13.50495
equal,0.01,2,40001,0.02,0.02,-16.97925847835726,-16.97925847835726,2,2.8032259040244867e-05,True,2388.1177466647814,1.004119409643141,1.00825578882209,0.9979424207102654,5,5,False,2,5.000000000165983e-05,True,2.5e-05,0.03449449996696785,0.013405400037299842,13.49502803225904,13.504987077760521,13.495,13.50495
equal,0.01,3,40001,0.02,0.02,-16.97925847835726,-16.97925847835726,2,8.411634244964716e-05,True,2141.4251548101047,1.0028210449611452,1.0056500482169632,0.9985907876747474,5,5,False,2,0.00012500000000059686,True,2.5e-05,0.03446180000901222,0.013734199979808182,13.49505640296108,13.50508411634245,13.495125,13.505125
equal,0.01,4,40001,0.02,0.02,-16.97925847835726,-16.97925847835726,2,1.9833589554707487e-05,True,2304.4689633593744,1.0039960107598027,1.0080079896215979,0.9980041504502121,5,5,False,2,7.499999999893703e-05,True,2.5e-05,0.033989000017754734,0.014862900017760694,13.494980282147989,13.505019833589555,13.494925,13.505
equal,0.01,5,40001,0.02,0.02,-16.97925847835726,-16.97925847835726,2,2.401456338851915e-05,True,2099.3769658844312,1.0030862053708773,1.0061819354053458,0.9984583017793506,5,5,False,2,0.0,True,2.5e-05,0.033732299983967096,0.013302200008183718,13.494993607910372,13.50502401456339,13.495,13.505
equal,0.01,6,40001,0.02,0.02,-16.97925847835726,-16.97925847835726,2,4.884472638266857e-05,True,2372.294022511657,1.0036823531454782,1.0073782660156443,0.9981605214949467,5,5,False,2,7.500000000071338e-05,True,2.5e-05,0.03443559998413548,0.012730900023598224,13.494987806610926,13.504951155273618,13.49495,13.504925
equal,0.01,7,40001,0.02,0.02,-16.97925847835726,-16.97925847835726,2,7.950684358348781e-05,True,2172.455410556977,1.0126777804413707,1.025516286999661,0.993681325295096,5,5,False,2,7.500000000071338e-05,True,2.5e-05,0.03468340000836179,0.013923400023486465,13.495045412821666,13.504920493156417,13.495075,13.505025
equal,0.01,8,40001,0.02,0.02,-16.97925847835726,-16.97925847835726,2,9.335019999667793e-05,True,2191.964190024346,1.0004492222565913,1.0008986463138183,0.999775414102445,5,5,False,2,7.499999999893703e-05,True,2.5e-05,0.03343229996971786,0.01259070000378415,13.494911195525733,13.504906649800004,13.494925,13.50495
equal,0.01,9,40001,0.02,0.02,-16.97925847835726,-16.97925847835726,2,3.3827108653738946e-05,True,2414.4769842941723,1.0062278261535555,1.01249443812571,0.9968909500953422,5,5,False,2,7.500000000071338e-05,True,2.5e-05,0.034021200030110776,0.013079199998173863,13.495033827108653,13.504972066592623,13.495,13.504925
unequal,0.00025,0,40001,0.01048,0.04005,-22.592632738682724,-10.947807983231751,1,nan,False,-87.06810701646464,1.020544753480386,1.0415115938563417,0.9897809347514933,5,5,False,1,nan,False,2.5e-05,0.035042400006204844,0.014769600005820394,13.500868439472276,nan,13.5002,nan
unequal,0.00025,1,40001,0.01048,0.04005,-22.592632738682724,-10.947807983231751,2,0.00566558836549369,False,52.221989846973884,1.0558441948878519,1.1148069638783762,0.9724776938812101,5,5,False,1,nan,False,2.5e-05,0.03545309999026358,0.01354200002970174,13.495144406042172,13.505790588365494,13.5001,nan
unequal,0.00025,2,40001,0.01048,0.04005,-22.592632738682724,-10.947807983231751,1,nan,False,-112.03293514391589,1.0136402879828308,1.0274666334219162,0.9932032683233556,5,5,False,1,nan,False,2.5e-05,0.037708999996539205,0.012681599997449666,13.500023506507718,nan,13.5001,nan
unequal,0.00025,3,40001,0.01048,0.04005,-22.592632738682724,-10.947807983231751,2,0.005852100844823127,False,89.14525172865615,1.0893052557846339,1.1865859402800267,0.9563826979612573,5,5,False,1,nan,False,2.5e-05,0.033376700012013316,0.014513099973555654,13.499132782188406,13.505977100844824,13.500075,nan
unequal,0.00025,4,40001,0.01048,0.04005,-22.592632738682724,-10.947807983231751,1,nan,False,-241.60394020526473,1.0500968614430437,1.1027034184125308,0.975272520164673,5,5,False,1,nan,False,2.5e-05,0.03382180002517998,0.01268389995675534,13.5006375631058,nan,13.5001,nan
unequal,0.00025,5,40001,0.01048,0.04005,-22.592632738682724,-10.947807983231751,1,nan,False,-402.8985125487616,1.057954266057715,1.1192672290697185,0.9714537667448664,5,5,False,1,nan,False,2.5e-05,0.035507599997799844,0.014348800003062934,13.500111862151302,nan,13.50015,nan
unequal,0.00025,6,40001,0.01048,0.04005,-22.592632738682724,-10.947807983231751,1,nan,False,-145.90598279779806,1.0218269189621143,1.0441302523156073,0.9891467195092506,5,5,False,1,nan,False,2.5e-05,0.0332860000198707,0.01309439999749884,13.500744262376038,nan,13.50005,nan
unequal,0.00025,7,40001,0.01048,0.04005,-22.592632738682724,-10.947807983231751,2,0.006890324090687017,False,21.727222518415147,1.0671152436661802,1.1387349432647311,0.9670223579695045,5,5,False,1,nan,False,2.5e-05,0.034383499994874,0.013776800013147295,13.49999989155706,13.507015324090688,13.500175,nan
unequal,0.00025,8,40001,0.01048,0.04005,-22.592632738682724,-10.947807983231751,2,0.005905816186887236,False,65.52652926733754,1.072610235718957,1.1504927177690767,0.9643751472360086,5,5,False,1,nan,False,2.5e-05,0.03651429997989908,0.013594800024293363,13.493969183813112,13.505292326967881,13.50005,nan
unequal,0.00025,9,40001,0.01048,0.04005,-22.592632738682724,-10.947807983231751,2,0.002170890786551638,False,37.70045402623691,1.246465599117384,1.5536764897830593,0.884977161417977,5,5,False,1,nan,False,2.5e-05,0.03472850000252947,0.012864099990110844,13.497704109213448,13.501229746889159,13.5001,nan
unequal,0.0005,0,40001,0.01048,0.04005,-22.592632738682724,-10.947807983231751,2,0.007373211199542595,False,55.78446993737816,1.0401792653956392,1.0819729041590116,0.9801159752673233,5,5,False,1,nan,False,2.5e-05,0.034520799992606044,0.013734100037254393,13.492376788800458,13.500192337792315,13.500325,nan
unequal,0.0005,1,40001,0.01048,0.04005,-22.592632738682724,-10.947807983231751,2,0.0059755371183687345,False,85.82297867842681,1.0758637087207557,1.157482719742379,0.9628116036395634,5,5,False,1,nan,False,2.5e-05,0.03794730000663549,0.016005099983885884,13.493774462881632,13.500724280919313,13.500275,nan
unequal,0.0005,2,40001,0.01048,0.04005,-22.592632738682724,-10.947807983231751,2,0.005090628444722967,False,20.487274870436522,1.130746098840883,1.2785867400438762,0.936876218249807,5,5,False,1,nan,False,2.5e-05,0.03873070003464818,0.015407299972139299,13.494659371555278,13.500563020678175,13.500175,nan
unequal,0.0005,3,40001,0.01048,0.04005,-22.592632738682724,-10.947807983231751,1,nan,False,3.4480710245297814,1.2416784804172472,1.541765448731284,0.8870482867520825,5,5,False,1,nan,False,2.5e-05,0.032966199971269816,0.0128145000198856,13.500586505657502,nan,13.500225,nan
unequal,0.0005,4,40001,0.01048,0.04005,-22.592632738682724,-10.947807983231751,2,0.004846775001499992,False,150.88504024408394,1.1209765410849386,1.256588405662753,0.9414317169230672,5,5,False,2,0.006275000000000475,False,2.5e-05,0.03287339996313676,0.012740600039251149,13.4949032249985,13.500674314909052,13.493475,13.500275
unequal,0.0005,5,40001,0.01048,0.04005,-22.592632738682724,-10.947807983231751,1,nan,False,8.50967463606321,1.1371438506558063,1.2930961370843146,0.9339075071674815,5,5,False,1,nan,False,2.5e-05,0.03248679998796433,0.013144199969246984,13.500707991369984,nan,13.50015,nan
unequal,0.0005,6,40001,0.01048,0.04005,-22.592632738682724,-10.947807983231751,1,nan,False,-14.125379263408831,1.6101573859219054,2.5926068074388637,0.7461225295829957,5,5,False,1,nan,False,2.5e-05,0.03185279999161139,0.012567800004035234,13.500151688174329,nan,13.50035,nan
unequal,0.0005,7,40001,0.01048,0.04005,-22.592632738682724,-10.947807983231751,2,0.006859254644819401,False,11.748389240719916,1.004981175369778,1.0099871628476202,0.9975125214908882,5,5,False,1,nan,False,2.5e-05,0.03377290000207722,0.01368119998369366,13.492890745355181,13.500353707321164,13.500275,nan
unequal,0.0005,8,40001,0.01048,0.04005,-22.592632738682724,-10.947807983231751,2,0.001784898691838066,False,27.01828971161558,1.22288290276964,1.4954425938863007,0.8952435739680094,5,5,False,1,nan,False,2.5e-05,0.032800499990116805,0.013743899995461106,13.497965101308163,13.50121873587765,13.5003,nan
unequal,0.0005,9,40001,0.01048,0.04005,-22.592632738682724,-10.947807983231751,1,nan,False,4.610121568935938,1.1279452229146436,1.272260425895965,0.9381795213677887,5,5,False,1,nan,False,2.5e-05,0.03248399996664375,0.012858400004915893,13.500601049559243,nan,13.500225,nan
unequal,0.00075,0,40001,0.01048,0.04005,-22.592632738682724,-10.947807983231751,2,0.006305999319978994,False,22.810302957395834,1.1078269185338037,1.2272804814281029,0.9476054414496536,5,5,False,1,nan,False,2.5e-05,0.0349479999858886,0.013182600028812885,13.49999989155706,13.506680999319979,13.500275,nan
unequal,0.00075,1,40001,0.01048,0.04005,-22.592632738682724,-10.947807983231751,1,nan,False,8.76882546350862,1.0223778512495105,1.0452564707255663,0.988874345687449,5,5,False,1,nan,False,2.5e-05,0.03732030000537634,0.013177900051232427,13.50054794004135,nan,13.500425,nan
unequal,0.00075,2,40001,0.01048,0.04005,-22.592632738682724,-10.947807983231751,2,0.00623262888600884,False,69.08736706874151,1.0088379262617997,1.0177539614642084,0.9955908430156851,5,5,False,1,nan,False,2.5e-05,0.032252500008326024,0.01261299999896437,13.493392371113991,13.500958829628637,13.500225,nan
unequal,0.00075,3,40001,0.01048,0.04005,-22.592632738682724,-10.947807983231751,2,0.009602904175018523,False,21.82263587953821,1.0337349838122925,1.0686080167574006,0.9832770724187289,5,5,False,1,nan,False,2.5e-05,0.03238940000301227,0.01273590000346303,13.490022095824981,13.500376569292532,13.500325,nan
unequal,0.00075,4,40001,0.01048,0.04005,-22.592632738682724,-10.947807983231751,1,nan,False,3.2598868203185702,1.1260215649184162,1.267924564661319,0.9390758992049484,5,5,False,1,nan,False,2.5e-05,0.0325542000355199,0.013430099992547184,13.500388829903466,nan,13.5005,nan
unequal,0.00075,5,40001,0.01048,0.04005,-22.592632738682724,-10.947807983231751,1,nan,False,-13.530352780137036,1.5526454719935365,2.4107079617020317,0.7657600894832245,5,5,False,1,nan,False,2.5e-05,0.03468929999507964,0.01190480001969263,13.50026350751151,nan,13.500575,nan
unequal,0.00075,6,40001,0.01048,0.04005,-22.592632738682724,-10.947807983231751,2,0.0030334337024484626,False,14.568332459090016,1.1731008714297215,1.376165654549172,0.917437809049981,5,5,False,1,nan,False,2.5e-05,0.03237720002653077,0.013913100003264844,13.496591566297552,13.500801613751696,13.500225,nan
unequal,0.00075,7,40001,0.01048,0.04005,-22.592632738682724,-10.947807983231751,2,0.008516566719592333,False,41.98152564625707,1.0923396554171885,1.193205922796942,0.9549382712141445,5,5,False,1,nan,False,2.5e-05,0.0326830999692902,0.014573800028301775,13.49999989155706,13.508891566719592,13.5006,nan
unequal,0.00075,8,40001,0.01048,0.04005,-22.592632738682724,-10.947807983231751,2,0.0071758968257285005,False,53.08996777260472,1.084669094552901,1.17650704467821,0.9585945732752376,5,5,False,1,nan,False,2.5e-05,0.03487649996532127,0.01316989999031648,13.492449103174271,13.500750976651885,13.50035,nan
unequal,0.00075,9,40001,0.01048,0.04005,-22.592632738682724,-10.947807983231751,1,nan,False,-0.5809844976665772,1.0652183412327645,1.1346901144986823,0.9679381254375333,5,5,False,1,nan,False,2.5e-05,0.03228460001992062,0.012917199986986816,13.501138533087252,nan,13.5002,nan
unequal,0.001,0,40001,0.01048,0.04005,-22.592632738682724,-10.947807983231751,2,0.0056136746358212974,False,10.477325378004025,1.0736402755230934,1.1527034412253039,0.9638797950435124,5,5,False,1,nan,False,2.5e-05,0.03427849995205179,0.014791099994909018,13.493886325364178,13.500853088336239,13.50035,nan
unequal,0.001,1,40001,0.01048,0.04005,-22.592632738682724,-10.947807983231751,1,nan,False,-80.87943223426555,1.0577296734114783,1.1187920620151526,0.9715627137041001,5,5,False,1,nan,False,2.5e-05,0.03553049999754876,0.012640299974009395,13.500385557888551,nan,13.50055,nan
unequal,0.001,2,40001,0.01048,0.04005,-22.592632738682724,-10.947807983231751,2,0.009618273969243418,False,32.54783999802203,1.0170066644418718,1.034302555519182,0.9915331480100997,5,5,False,1,nan,False,2.5e-05,0.03612239996436983,0.013144700031261891,13.489881726030756,13.500054122803611,13.500575,nan
unequal,0.001,3,40001,0.01048,0.04005,-22.592632738682724,-10.947807983231751,2,0.0002965394448466441,False,16.440358965075575,5.534962738310317,30.635812514483643,0.251434866593901,5,5,False,1,nan,False,2.5e-05,0.03490989998681471,0.013734199979808182,13.49970858057156,13.500203460555154,13.500675,nan
unequal,0.001,4,40001,0.01048,0.04005,-22.592632738682724,-10.947807983231751,2,0.005168447054673564,False,38.281354215616375,1.135819841247973,1.2900867117725705,0.9345209239684875,5,5,False,1,nan,False,2.5e-05,0.03340319998096675,0.012256500020157546,13.494331552945326,13.500610573085899,13.500525,nan
unequal,0.001,5,40001,0.01048,0.04005,-22.592632738682724,-10.947807983231751,2,0.001762270150855727,False,13.618409240702022,1.2084106755533526,1.46025636079131,0.9016226678407233,5,5,False,1,nan,False,2.5e-05,0.032572299998719245,0.013613699993584305,13.497737729849144,13.500906319856032,13.500774999999999,nan
unequal,0.001,6,40001,0.01048,0.04005,-22.592632738682724,-10.947807983231751,2,0.002275018672502682,False,17.746586603905598,1.2448314668651208,1.5496053808975683,0.8856834202396298,5,5,False,1,nan,False,2.5e-05,0.032999099988956004,0.013112400018144399,13.497224981327497,13.500701970313735,13.500675,nan
unequal,0.001,7,40001,0.01048,0.04005,-22.592632738682724,-10.947807983231751,2,0.00589286144218093,False,27.800271632802833,1.0682809702831981,1.1412242314692111,0.9664600867825824,5,5,False,1,nan,False,2.5e-05,0.03285119996871799,0.013360499986447394,13.493607138557818,13.500613906138952,13.500425,nan
unequal,0.001,8,40001,0.01048,0.04005,-22.592632738682724,-10.947807983231751,1,nan,False,-1419.7686499291904,1.0392153105989983,1.0799684617833725,0.9805881098537725,5,5,False,1,nan,False,2.5e-05,0.0345392000162974,0.01336539996555075,13.50013555629604,nan,13.5003,nan
unequal,0.001,9,40001,0.01048,0.04005,-22.592632738682724,-10.947807983231751,2,0.008066094168656335,False,36.017479204469055,1.0936198033034574,1.196004274177493,0.9543296284620418,5,5,False,1,nan,False,2.5e-05,0.034925400046631694,0.012826999998651445,13.491433905831343,13.500281971635069,13.500575,nan
unequal,0.0015,0,40001,0.01048,0.04005,-22.592632738682724,-10.947807983231751,2,0.0016906014999644725,False,13.378914586510291,1.224967057253882,1.5005442913572353,0.8943298489387982,5,5,False,1,nan,False,2.5e-05,0.03640759998233989,0.013529799995012581,13.497559398500035,13.500826964841552,13.500875,nan
unequal,0.0015,1,40001,0.01048,0.04005,-22.592632738682724,-10.947807983231751,2,0.004248939156427767,False,25.732403011215865,1.127947152877433,1.2722647796843072,0.938178626959758,5,5,False,1,nan,False,2.5e-05,0.03367550001712516,0.01288400002522394,13.495001060843572,13.500860551705486,13.500625,nan
unequal,0.0015,2,40001,0.01048,0.04005,-22.592632738682724,-10.947807983231751,1,nan,False,-1814.9042987333205,1.0084897202955947,1.017051515941887,0.9957641869900828,5,5,False,2,0.004250000000000753,False,2.5e-05,0.03538949997164309,0.014275899971835315,13.50118470553747,nan,13.495,13.500575
unequal,0.0015,3,40001,0.01048,0.04005,-22.592632738682724,-10.947807983231751,2,0.001197688887669912,False,129.7308534193944,1.145636715647996,1.3124834842407274,0.9299844537021873,5,5,False,1,nan,False,2.5e-05,0.03251190000446513,0.01255809998838231,13.49805231111233,13.500963725899828,13.500625,nan
unequal,0.0015,4,40001,0.01048,0.04005,-22.592632738682724,-10.947807983231751,1,nan,False,4.26683310669614,1.0939711670852856,1.1967729144139418,0.9541626441982842,5,5,False,1,nan,False,2.5e-05,0.0347751000081189,0.013656399969477206,13.500734691550898,nan,13.500774999999999,nan
unequal,0.0015,5,40001,0.01048,0.04005,-22.592632738682724,-10.947807983231751,2,0.0007191983195067309,False,231.45604756978537,1.2129827313197092,1.471327106479822,0.8996008959225278,5,5,False,1,nan,False,2.5e-05,0.03274190000956878,0.01263800001470372,13.499385317470002,13.501469198319507,13.500675,nan
unequal,0.0015,6,40001,0.01048,0.04005,-22.592632738682724,-10.947807983231751,1,nan,False,3.4668466900129715,1.1356727175479555,1.2897525213827583,0.9345891246681617,5,5,False,2,0.005050000000000665,False,2.5e-05,0.03424269997049123,0.012984200031496584,13.500492550910655,nan,13.4942,13.501025
unequal,0.0015,7,40001,0.01048,0.04005,-22.592632738682724,-10.947807983231751,2,0.0010723029394128503,False,65.20593780883974,1.2475636061649522,1.5564149514273,0.8845030277296648,5,5,False,1,nan,False,2.5e-05,0.03428700001677498,0.013249100011307746,13.499791085358032,13.501822302939413,13.501,nan
unequal,0.0015,8,40001,0.01048,0.04005,-22.592632738682724,-10.947807983231751,2,0.010351167997264099,False,58.3396524694017,1.0476322131458,1.097533254020767,0.9764736817287453,5,5,False,1,nan,False,2.5e-05,0.034910499991383404,0.012359999993350357,13.488898832002736,13.500787620885978,13.5008,nan
unequal,0.0015,9,40001,0.01048,0.04005,-22.592632738682724,-10.947807983231751,1,nan,False,-2.0929033692736994,1.0770016746056195,1.1599326071033087,0.9622654419723339,5,5,False,1,nan,False,2.5e-05,0.035670300014317036,0.012588599987793714,13.501027912337191,nan,13.5005,nan
unequal,0.002,0,40001,0.01048,0.04005,-22.592632738682724,-10.947807983231751,1,nan,False,-1743.715253729969,1.0363852010024837,1.0740942848569583,0.9819757216499678,5,5,False,1,nan,False,2.5e-05,0.03584339999360964,0.012960199965164065,13.501447258527035,nan,13.500825,nan
unequal,0.002,1,40001,0.01048,0.04005,-22.592632738682724,-10.947807983231751,1,nan,False,9.812787758955892,1.077406569977685,1.1608049170310801,0.9620711767401584,5,5,False,1,nan,False,2.5e-05,0.035228599968831986,0.012197300035040826,13.500712915261241,nan,13.501125,nan
unequal,0.002,2,40001,0.01048,0.04005,-22.592632738682724,-10.947807983231751,1,nan,False,6.610789690705133,1.079301329730345,1.1648913603576911,0.9611627785282695,5,5,False,1,nan,False,2.5e-05,0.032582800020463765,0.013640200020745397,13.501463323368778,nan,13.5005,nan
unequal,0.002,3,40001,0.01048,0.04005,-22.592632738682724,-10.947807983231751,2,0.00032160061733677026,True,241.06322514530166,1.0368412152925948,1.0750397057294248,0.9817519235339273,5,5,False,1,nan,False,2.5e-05,0.03285429999232292,0.013256200007162988,13.498909009029289,13.501321600617336,13.501025,nan
unequal,0.002,4,40001,0.01048,0.04005,-22.592632738682724,-10.947807983231751,1,nan,False,-1377.7413513711463,1.0490368101636032,1.1004782290782276,0.9757889101849344,5,5,False,1,nan,False,2.5e-05,0.032582900021225214,0.01239520002854988,13.501163010541164,nan,13.5011,nan
unequal,0.002,5,40001,0.01048,0.04005,-22.592632738682724,-10.947807983231751,1,nan,False,-7.692866644300011,1.090394666184181,1.1889605280429116,0.9558638522647701,5,5,False,1,nan,False,2.5e-05,0.0347242999705486,0.012612699996680021,13.501430526315165,nan,13.500625,nan
unequal,0.002,6,40001,0.01048,0.04005,-22.592632738682724,-10.947807983231751,2,0.0012354249089803204,False,135.05850504484988,1.245998511146273,1.5525122897787291,0.8851789578825748,5,5,False,1,nan,False,2.5e-05,0.03611359995556995,0.014178300043568015,13.49776457509102,13.501272924605935,13.5006,nan
unequal,0.002,7,40001,0.01048,0.04005,-22.592632738682724,-10.947807983231751,2,0.006406125018628472,False,35.43945359010104,1.0924502527294868,1.1934475546887195,0.9548856733992356,5,5,False,1,nan,False,2.5e-05,0.03323840000666678,0.012826099991798401,13.492593874981372,13.501481918072244,13.5008,nan
unequal,0.002,8,40001,0.01048,0.04005,-22.592632738682724,-10.947807983231751,2,0.00046603166163805554,True,502.1915430890249,1.0807983213314774,1.1681250113929393,0.9604457477427418,5,5,False,1,nan,False,2.5e-05,0.03473369998391718,0.013509100012015551,13.49875328484075,13.501466031661638,13.501075,nan
unequal,0.002,9,40001,0.01048,0.04005,-22.592632738682724,-10.947807983231751,2,0.0050891987886743095,False,65.75951531767532,1.0070939026302557,1.0142381287150388,0.9964590039007372,5,5,False,1,nan,False,2.5e-05,0.03568160004215315,0.013001299987081438,13.493910801211326,13.501358169335479,13.5008,nan
unequal,0.0025,0,40001,0.01048,0.04005,-22.592632738682724,-10.947807983231751,2,0.0072503743712122315,False,37.512310369963416,1.0536758171600416,1.1102327276678814,0.9735310286763718,5,5,False,1,nan,False,2.5e-05,0.035599299997556955,0.012960200023371726,13.491499625628787,13.500966078408677,13.501425,nan
unequal,0.0025,1,40001,0.01048,0.04005,-22.592632738682724,-10.947807983231751,1,nan,False,-1863.9402415011018,1.0140082253524507,1.0282126810824266,0.993020584048302,5,5,False,1,nan,False,2.5e-05,0.033664099988527596,0.012420599989127368,13.501539412327157,nan,13.501025,nan
unequal,0.0025,2,40001,0.01048,0.04005,-22.592632738682724,-10.947807983231751,2,0.00728314063629476,False,25.643610272895785,1.0027258533265035,1.0054591369293646,0.9986371845902225,5,5,False,2,0.001174999999999926,False,2.5e-05,0.033638999972026795,0.01324410003144294,13.491466859363705,13.50143979887924,13.497575,13.501275
unequal,0.0025,3,40001,0.01048,0.04005,-22.592632738682724,-10.947807983231751,2,0.0002685791922161229,True,184.71080785306276,1.1497157231123385,1.3218462439717273,0.9281074727686373,5,5,False,1,nan,False,2.5e-05,0.03297340002609417,0.012847499980125576,13.498481420807783,13.50140678425319,13.501425,nan
unequal,0.0025,4,40001,0.01048,0.04005,-22.592632738682724,-10.947807983231751,1,nan,False,9.470371869281735,1.032231013470063,1.0655008651694333,0.9840162282073607,5,5,False,1,nan,False,2.5e-05,0.03298060002271086,0.01319949998287484,13.500979615247815,nan,13.501175,nan
unequal,0.0025,5,40001,0.01048,0.04005,-22.592632738682724,-10.947807983231751,1,nan,False,-1864.718929198626,1.0254369316462746,1.0515209007841264,0.9873634007110208,5,5,False,2,0.002700000000000813,False,2.5e-05,0.03312229999573901,0.013532500015571713,13.501489960619208,nan,13.499575,13.50145
unequal,0.0025,6,40001,0.01048,0.04005,-22.592632738682724,-10.947807983231751,2,0.0003099791016474285,True,363.9344316820352,1.148596489021498,1.319273894592512,0.9286220206777653,5,5,False,1,nan,False,2.5e-05,0.03346310002962127,0.013137699977960438,13.4986385040613,13.501559979101648,13.501775,nan
unequal,0.0025,7,40001,0.01048,0.04005,-22.592632738682724,-10.947807983231751,1,nan,False,-1538.018739858665,1.0868981223589231,1.1813475283873527,0.9575303546975165,5,5,False,1,nan,False,2.5e-05,0.03454820002662018,0.011855099990498275,13.50111213717919,nan,13.5013,nan
unequal,0.0025,8,40001,0.01048,0.04005,-22.592632738682724,-10.947807983231751,1,nan,False,1.2130210204068135,1.0228314557705431,1.0461841869136885,0.9886501090003408,5,5,False,1,nan,False,2.5e-05,0.034056700009386986,0.014282400021329522,13.50162235415193,nan,13.501025,nan
unequal,0.0025,9,40001,0.01048,0.04005,-22.592632738682724,-10.947807983231751,2,0.0012498915570606783,False,287.3249729560466,1.6686653121513062,2.7844439239770162,0.7269657691043562,5,5,False,1,nan,False,2.5e-05,0.0326960000093095,0.01310480001848191,13.49999989155706,13.501560557789366,13.501275,nan
unequal,0.003,0,40001,0.01048,0.04005,-22.592632738682724,-10.947807983231751,2,0.004159220300342881,False,41.687142519763256,1.0254498567357744,1.05154740867942,0.9873569878986439,5,5,False,2,0.00047499999999978115,True,2.5e-05,0.033009400009177625,0.013107400038279593,13.494340779699657,13.50165535315016,13.498975,13.501625
unequal,0.003,1,40001,0.01048,0.04005,-22.592632738682724,-10.947807983231751,1,nan,False,-1508.7771683090205,1.0698717919142011,1.1446256511337036,0.9656933700312074,5,5,False,2,0.0029249999999994003,False,2.5e-05,0.032524799986276776,0.012546999962069094,13.501450795780206,nan,13.499675,13.501425
unequal,0.003,2,40001,0.01048,0.04005,-22.592632738682724,-10.947807983231751,2,0.004418657149349414,False,35.72873466319197,1.005269924746971,1.0105676216007806,0.9973681896972771,5,5,False,2,0.00024999999999941735,True,2.5e-05,0.03500299999723211,0.012330500001553446,13.49408134285065,13.501542179796656,13.49875,13.5014
unequal,0.003,3,40001,0.01048,0.04005,-22.592632738682724,-10.947807983231751,2,0.006674098107303905,False,31.84589672675793,1.0545341891355249,1.1120423560557189,0.9731138975218175,5,5,False,2,0.0005249999999996646,True,2.5e-05,0.03543059999356046,0.012418200029060245,13.491825901892696,13.501283237205968,13.497975,13.501475
unequal,0.003,4,40001,0.01048,0.04005,-22.592632738682724,-10.947807983231751,2,0.0014998915570600957,False,354.5702769869713,1.8225483350030987,3.321682433422567,0.6802813633208613,5,5,False,2,0.0005749999999995481,True,2.5e-05,0.0324976000119932,0.012951800017617643,13.49999989155706,13.501439380136873,13.497925,13.50145
unequal,0.003,5,40001,0.01048,0.04005,-22.592632738682724,-10.947807983231751,1,nan,False,-1982.8539376498138,1.0385818814402177,1.0786523244559023,0.9808984995167515,5,5,False,2,0.0029749999999992838,False,2.5e-05,0.032228399999439716,0.012487600033637136,13.50172009570644,nan,13.498525,13.501475
unequal,0.003,6,40001,0.01048,0.04005,-22.592632738682724,-10.947807983231751,1,nan,False,-2078.031326819406,1.0534760032885624,1.109811689504843,0.9736282145348147,5,5,False,1,nan,False,2.5e-05,0.03569499996956438,0.012526400038041174,13.501879181207952,nan,13.50135,nan
unequal,0.003,7,40001,0.01048,0.04005,-22.592632738682724,-10.947807983231751,1,nan,False,-2.477093021233486,1.0194909769699756,1.0393618521231953,0.9903023391093485,5,5,False,2,0.0029749999999992838,False,2.5e-05,0.0329321000026539,0.013373300025705248,13.501336525432325,nan,13.497925,13.501475
unequal,0.003,8,40001,0.01048,0.04005,-22.592632738682724,-10.947807983231751,1,nan,False,-1697.3077729069591,1.0412804704649732,1.084265018171756,0.9795768839332875,5,5,False,2,0.00295000000000023,False,2.5e-05,0.03419530001701787,0.012662099965382367,13.501622480012896,nan,13.4972,13.50145
unequal,0.003,9,40001,0.01048,0.04005,-22.592632738682724,-10.947807983231751,1,nan,False,-1957.203726112558,1.0526469430698138,1.1080655867542237,0.9740313573550894,5,5,False,2,0.0029749999999992838,False,2.5e-05,0.03314040001714602,0.012874000007286668,13.50199135879586,nan,13.498425,13.501475
unequal,0.004,0,40001,0.01048,0.04005,-22.592632738682724,-10.947807983231751,1,nan,False,-1702.2329243795384,1.0142807128418572,1.028765364442986,0.9928855670149521,5,5,False,2,0.0038999999999997925,False,2.5e-05,0.03215240000281483,0.0133712999522686,13.501829041141919,nan,13.49815,13.5019
unequal,0.004,1,40001,0.01048,0.04005,-22.592632738682724,-10.947807983231751,1,nan,False,-2361.353359277603,1.0476751111683804,1.0976231385616781,0.9764528387677778,5,5,False,2,0.003975000000000506,False,2.5e-05,0.03454009996494278,0.012413799995556474,13.50171716842593,nan,13.49835,13.501975
unequal,0.004,2,40001,0.01048,0.04005,-22.592632738682724,-10.947807983231751,1,nan,False,-2185.1430943839214,1.0516874132132281,1.1060464151111313,0.974498204510427,5,5,False,2,0.004075000000000273,False,2.5e-05,0.03245940001215786,0.013188600016292185,13.502220921834299,nan,13.49875,13.502075
unequal,0.004,3,40001,0.01048,0.04005,-22.592632738682724,-10.947807983231751,1,nan,False,-1939.728548153541,1.0510458204468696,1.1046973166788332,0.9748103957708522,5,5,False,2,0.004025000000000389,False,2.5e-05,0.033043700037524104,0.01271059998543933,13.502250257112234,nan,13.4985,13.502025
unequal,0.004,4,40001,0.01048,0.04005,-22.592632738682724,-10.947807983231751,2,0.0014469024153118681,False,308.9576502574582,1.11914416221976,1.2524836558305685,0.9422891135003519,5,5,False,1,nan,False,2.5e-05,0.03277029999298975,0.012492000008933246,13.496553097584687,13.50230428005615,13.502025,nan
unequal,0.004,5,40001,0.01048,0.04005,-22.592632738682724,-10.947807983231751,2,0.0002585164415425112,True,653.0280111933062,1.2397031677731936,1.536863944186891,0.8879048123823032,5,5,False,2,4.999999999988347e-05,True,2.5e-05,0.034781199996359646,0.013469700003042817,13.498258516441542,13.502018951187544,13.49805,13.502025
unequal,0.004,6,40001,0.01048,0.04005,-22.592632738682724,-10.947807983231751,1,nan,False,-2004.7160003894896,1.0350370561045306,1.0713017075095332,0.9826375374062469,5,5,False,2,0.003975000000000506,False,2.5e-05,0.03162810002686456,0.012099499988835305,13.50192013624387,nan,13.497475,13.501975
unequal,0.004,7,40001,0.01048,0.04005,-22.592632738682724,-10.947807983231751,1,nan,False,-2214.925682019795,1.0691830621298082,1.1431524203452732,0.9660252422753207,5,5,False,2,0.003975000000000506,False,2.5e-05,0.033111700031440705,0.013568800000939518,13.502273926620601,nan,13.4976,13.501975
unequal,0.004,8,40001,0.01048,0.04005,-22.592632738682724,-10.947807983231751,1,nan,False,-2469.9974713390175,1.0485395070650527,1.0994350978762237,0.976031373950592,5,5,False,2,0.004000000000001336,False,2.5e-05,0.033461500017438084,0.013661100005265325,13.501730112490584,nan,13.497925,13.502
unequal,0.004,9,40001,0.01048,0.04005,-22.592632738682724,-10.947807983231751,1,nan,False,-1880.6731115837974,1.0060471402637243,1.0121308484328178,0.9969816135629663,5,5,False,2,0.004000000000001336,False,2.5e-05,0.03330329997697845,0.012401800020597875,13.502086440246735,nan,13.49855,13.502
unequal,0.005,0,40001,0.01048,0.04005,-22.592632738682724,-10.947807983231751,2,0.003574143412969022,False,36.85008596668649,1.0928316095750663,1.19428092688643,0.9547043112496705,5,5,False,2,0.0002500000000011937,True,2.5e-05,0.03620130004128441,0.013918399985413998,13.493925856587031,13.502406667423397,13.49725,13.502475
unequal,0.005,1,40001,0.01048,0.04005,-22.592632738682724,-10.947807983231751,2,0.00018757258538748545,True,1239.5173826410974,1.0431954959443372,1.0882568427585517,0.978640176941801,5,5,False,2,0.0004000000000008441,True,2.5e-05,0.036645600048359483,0.013880699989385903,13.497687572585388,13.502482682934993,13.4971,13.502575
unequal,0.005,2,40001,0.01048,0.04005,-22.592632738682724,-10.947807983231751,2,0.0037327585764828086,False,32.57397777589085,1.0955759117258104,1.2002865783538406,0.9534004949166757,5,5,False,2,0.0004000000000008441,True,2.5e-05,0.03368160000536591,0.01311970001552254,13.493767241423518,13.502377530766362,13.4971,13.502375
unequal,0.005,3,40001,0.01048,0.04005,-22.592632738682724,-10.947807983231751,2,4.779191492865209e-05,True,1314.776856350085,1.007949849733116,1.0159628995770114,0.9960330061456881,5,5,False,2,0.00019999999999953388,True,2.5e-05,0.03418050002073869,0.01341580000007525,13.49754779191493,13.502508503424856,13.4977,13.50255
unequal,0.005,4,40001,0.01048,0.04005,-22.592632738682724,-10.947807983231751,2,9.007187492926505e-05,True,1362.5348621006306,1.0045540666033663,1.0091288727293606,0.997725647514753,5,5,False,2,2.5000000000829914e-05,True,2.5e-05,0.03543249994982034,0.014625100011471659,13.497409928125071,13.502432525671237,13.4975,13.502525
unequal,0.005,5,40001,0.01048,0.04005,-22.592632738682724,-10.947807983231751,2,5.7905169661864875e-05,True,1408.963337452281,1.0093891833966908,1.0188665235582384,0.995316532808595,5,5,False,2,0.0001249999999988205,True,2.5e-05,0.03592539997771382,0.01406780001707375,13.497442094830339,13.502489046036278,13.497625,13.502575
unequal,0.005,6,40001,0.01048,0.04005,-22.592632738682724,-10.947807983231751,2,0.0002447431678813672,True,1341.1809470964954,1.0705231104452355,1.1460197299973418,0.9653796563678632,5,5,False,2,0.0009499999999995623,True,2.5e-05,0.03658859996357933,0.015159800008405,13.497744743167882,13.50241768488474,13.49845,13.5024
unequal,0.005,7,40001,0.01048,0.04005,-22.592632738682724,-10.947807983231751,2,0.00010588276958500842,True,1344.001111226784,1.005855817144158,1.0117459248827418,0.9970764483881868,5,5,False,2,4.999999999988347e-05,True,2.5e-05,0.034519199980422854,0.01326029998017475,13.497394117230415,13.502423265145145,13.4975,13.50245
unequal,0.005,8,40001,0.01048,0.04005,-22.592632738682724,-10.947807983231751,2,0.0058714343308636785,False,13.789529307338853,1.0683843911148623,1.141445207177875,0.966410220992982,5,5,False,2,9.999999999976694e-05,True,2.5e-05,0.034571300027891994,0.014275399968028069,13.491628565669137,13.502527865947988,13.49755,13.5026
unequal,0.005,9,40001,0.01048,0.04005,-22.592632738682724,-10.947807983231751,2,9.623645124001712e-05,True,1178.3233653513944,1.0190678790753538,1.0384993421631399,0.9905119285029717,5,5,False,2,9.999999999976694e-05,True,2.5e-05,0.03676430002087727,0.014438599988352507,13.49759623645124,13.502503362778912,13.4974,13.502425
unequal,0.0075,0,40001,0.01048,0.04005,-22.592632738682724,-10.947807983231751,2,0.00013671604710374652,True,682.656143663391,1.01626708858771,1.0327987953465405,0.9918996255493666,5,5,False,2,0.0004249999999998977,True,2.5e-05,0.033867400023154914,0.013008299982175231,13.496386716047104,13.503767217434424,13.496675,13.5038
unequal,0.0075,1,40001,0.01048,0.04005,-22.592632738682724,-10.947807983231751,2,6.139894698620196e-05,True,1036.2678802582432,1.009433522315059,1.0189560359733867,0.995294100269416,5,5,False,2,0.00012500000000059686,True,2.5e-05,0.03795379999792203,0.013574599986895919,13.496311398946986,13.503741563339744,13.496175,13.503875
unequal,0.0075,2,40001,0.01048,0.04005,-22.592632738682724,-10.947807983231751,2,8.878265498957205e-05,True,1084.2218906072821,1.0137042093376214,1.0275962240288121,0.9931713158097939,5,5,False,2,0.00017500000000048033,True,2.5e-05,0.0356803999748081,0.014400699990801513,13.49633878265499,13.503737828430204,13.496425,13.5037
unequal,0.0075,3,40001,0.01048,0.04005,-22.592632738682724,-10.947807983231751,2,7.064258719857719e-05,True,883.499576513097,1.0128867375298614,1.0259395430638862,0.9935772902428813,5,5,False,2,0.0001499999999996504,True,2.5e-05,0.03418670000974089,0.013024599989876151,13.496320642587198,13.503725619821665,13.4964,13.503675
unequal,0.0075,4,40001,0.01048,0.04005,-22.592632738682724,-10.947807983231751,2,2.3862584304978895e-05,True,1066.044164083526,1.0055064624859575,1.0110432461010244,0.9972500109314766,5,5,False,2,0.00019999999999953388,True,2.5e-05,0.03475089999847114,0.014619600027799606,13.49626710806258,13.503726137415695,13.49605,13.503725
unequal,0.0075,5,40001,0.01048,0.04005,-22.592632738682724,-10.947807983231751,2,6.575030222144562e-05,True,651.6961530297731,1.010899528749262,1.02191785722548,0.9945648930617116,5,5,False,2,7.500000000071338e-05,True,2.5e-05,0.03510380000807345,0.01509910001186654,13.496315750302221,13.50373520023846,13.496175,13.50375
unequal,0.0075,6,40001,0.01048,0.04005,-22.592632738682724,-10.947807983231751,2,0.00012270637963851527,True,713.6852365377617,1.0221379354350941,1.0447659590555167,0.988992947358855,5,5,False,2,2.4999999999053557e-05,True,2.5e-05,0.03711700002895668,0.01489019999280572,13.496127293620361,13.503796095294446,13.496225,13.50375
unequal,0.0075,7,40001,0.01048,0.04005,-22.592632738682724,-10.947807983231751,2,7.837128742593791e-05,True,1050.885327623584,1.0103287376781875,1.0207641581784,0.9948490342342203,5,5,False,2,0.0002999999999993008,True,2.5e-05,0.03624869999475777,0.012998300022445619,13.496171628712574,13.50374925818408,13.49595,13.5038
unequal,0.0075,8,40001,0.01048,0.04005,-22.592632738682724,-10.947807983231751,2,2.3035535617665914e-05,True,871.6066631199428,1.0031275640122161,1.0062649096810827,0.9984364760556067,5,5,False,2,9.999999999976694e-05,True,2.5e-05,0.0344024000223726,0.012857900001108646,13.496273035535618,13.503749704248374,13.49615,13.50375
unequal,0.0075,9,40001,0.01048,0.04005,-22.592632738682724,-10.947807983231751,2,0.00013934830919559715,True,698.6852430989584,1.0181949738810063,1.0367210048365432,0.990944260667857,5,5,False,2,0.0004249999999998977,True,2.5e-05,0.03753969998797402,0.014437500038184226,13.496110651690804,13.503748713268122,13.495825,13.50375
unequal,0.01,0,40001,0.01048,0.04005,-22.592632738682724,-10.947807983231751,2,9.996166224901515e-05,True,1642.2911337169016,1.0115373799316647,1.0232078709990169,0.9942480431247268,5,5,False,2,0.0001000000000015433,True,2.5e-05,0.03699439996853471,0.015818600018974394,13.495099961662248,13.50498619606798,13.4951,13.505
unequal,0.01,1,40001,0.01048,0.04005,-22.592632738682724,-10.947807983231751,2,0.00012541493660123137,True,1231.6965594330186,1.0103951617343092,1.020898382856101,0.9948160317832534,5,5,False,2,0.0001499999999996504,True,2.5e-05,0.03614119999110699,0.01546650001546368,13.494874585063398,13.50497891996601,13.49485,13.504975
unequal,0.01,2,40001,0.01048,0.04005,-22.592632738682724,-10.947807983231751,2,2.0814133758761955e-05,True,1337.675597750268,1.0026695598942448,1.0053462463385185,0.9986663558521063,5,5,False,2,4.999999999988347e-05,True,2.5e-05,0.03607730002840981,0.013881899998523295,13.494994588454576,13.50502081413376,13.495049999999999,13.505025
unequal,0.01,3,40001,0.01048,0.04005,-22.592632738682724,-10.947807983231751,2,5.570143260236193e-05,True,1241.2130429959407,1.0048615333476028,1.0097467012016954,0.9975723008333421,5,5,False,2,9.999999999976694e-05,True,2.5e-05,0.039211099967360497,0.016910300008021295,13.494944298567397,13.504992576055145,13.4949,13.505025
unequal,0.01,4,40001,0.01048,0.04005,-22.592632738682724,-10.947807983231751,2,7.292915309164982e-05,True,1266.1483499321675,1.004510465718365,1.0090412757377265,0.9977473158716734,5,5,False,2,9.999999999976694e-05,True,2.5e-05,0.0383676000055857,0.015275000012479722,13.49507292915309,13.50502813045732,13.4949,13.505
unequal,0.01,5,40001,0.01048,0.04005,-22.592632738682724,-10.947807983231751,2,1.286447862369755e-05,True,1549.753116334041,1.0001125961593214,1.0002252049965379,0.9999484670817581,5,5,False,2,0.00017499999999870397,True,2.5e-05,0.039275299990549684,0.014429100032430142,13.494987135521376,13.504987673334119,13.494825,13.505
unequal,0.01,6,40001,0.01048,0.04005,-22.592632738682724,-10.947807983231751,2,0.00014774242805870585,True,1318.162662137208,1.0137315097591,1.0276515738784642,0.993157998101494,5,5,False,2,0.00039999999999906777,True,2.5e-05,0.036328100017271936,0.014513399975840002,13.49485225757194,13.504990768462253,13.4946,13.505025
unequal,0.01,7,40001,0.01048,0.04005,-22.592632738682724,-10.947807983231751,2,0.00010579361645390861,True,3051.576592066227,1.0107380655631997,1.021591437178439,0.9946454973411568,5,5,False,2,0.00017499999999870397,True,2.5e-05,0.03596020000986755,0.015300699975341558,13.494894206383545,13.505002023848515,13.494825,13.505025
unequal,0.01,8,40001,0.01048,0.04005,-22.592632738682724,-10.947807983231751,2,4.758139606764189e-05,True,1136.5066692380633,1.001356119019243,1.0027140770972804,0.9993225306848337,5,5,False,2,0.0001249999999988205,True,2.5e-05,0.03887590003432706,0.014702200016472489,13.494952418603932,13.504965505788013,13.494875,13.50495
unequal,0.01,9,40001,0.01048,0.04005,-22.592632738682724,-10.947807983231751,2,8.169940708135925e-05,True,1251.1053660567095,1.0087145499204977,1.0175050432213122,0.9956522587431426,5,5,False,2,0.00012500000000059686,True,2.5e-05,0.03610530000878498,0.015822499990463257,13.49508169940708,13.50499553457364,13.495125,13.505025
